feature,pos_missing_rate,neg_missing_rate,missing_rate_gap,missing_auc_abs,pos_unique_non_na,neg_unique_non_na
valid_seed,0.0,1.0,1.0,1.0,1,0
i_0,0.0,1.0,1.0,1.0,2,0
i_1,0.0,1.0,1.0,1.0,2,0
i_2,0.0,1.0,1.0,1.0,2,0
i_3,0.0,1.0,1.0,1.0,2,0
i_4,0.0,1.0,1.0,1.0,2,0
i_5,0.0,1.0,1.0,1.0,2,0
i_6,0.0,1.0,1.0,1.0,2,0
i_7,0.0,1.0,1.0,1.0,2,0
i_8,0.0,1.0,1.0,1.0,2,0
i_9,0.0,1.0,1.0,1.0,2,0
i_10,0.0,1.0,1.0,1.0,2,0
i_11,0.0,1.0,1.0,1.0,2,0
i_12,0.0,1.0,1.0,1.0,2,0
i_13,0.0,1.0,1.0,1.0,2,0
i_14,0.0,1.0,1.0,1.0,2,0
i_15,0.00010989010989010989,1.0,0.9998901098901098,0.9999450549450549,2,0
i_16,0.0007692307692307692,1.0,0.9992307692307693,0.9996153846153846,2,0
i_17,0.001978021978021978,1.0,0.998021978021978,0.9990109890109891,2,0
i_18,0.003956043956043956,1.0,0.996043956043956,0.998021978021978,2,0
i_19,0.009120879120879121,1.0,0.9908791208791209,0.9954395604395604,2,0
i_20,0.02758241758241758,1.0,0.9724175824175825,0.9862087912087912,2,0
i_21,0.1312087912087912,1.0,0.8687912087912089,0.9343956043956044,2,0
i_22,0.5306593406593406,1.0,0.4693406593406594,0.7346703296703296,2,0
i_23,0.8568131868131869,1.0,0.14318681318681314,0.5715934065934065,2,0
i_24,0.9718681318681318,1.0,0.028131868131868187,0.5140659340659341,2,0
i_25,0.9975824175824176,1.0,0.002417582417582387,0.5012087912087912,2,0
i_26,0.9998901098901098,1.0,0.00010989010989015391,0.5000549450549451,1,0
num_of_pairs,0.0,0.0,0.0,0.5,19,17
canonic_seed,0.0,0.0,0.0,0.5,2,2
non_canonic_seed,0.0,0.0,0.0,0.5,2,2
i_27,1.0,1.0,0.0,0.5,0,0
i_28,1.0,1.0,0.0,0.5,0,0
i_29,1.0,1.0,0.0,0.5,0,0
i_30,1.0,1.0,0.0,0.5,0,0
i_31,1.0,1.0,0.0,0.5,0,0
i_32,1.0,1.0,0.0,0.5,0,0
i_33,1.0,1.0,0.0,0.5,0,0
i_34,1.0,1.0,0.0,0.5,0,0
i_35,1.0,1.0,0.0,0.5,0,0
i_36,1.0,1.0,0.0,0.5,0,0
i_37,1.0,1.0,0.0,0.5,0,0
i_38,1.0,1.0,0.0,0.5,0,0
i_39,1.0,1.0,0.0,0.5,0,0
i_40,1.0,1.0,0.0,0.5,0,0
i_41,1.0,1.0,0.0,0.5,0,0
i_42,1.0,1.0,0.0,0.5,0,0
i_43,1.0,1.0,0.0,0.5,0,0
site_start,0.0,0.0,0.0,0.5,3151,3419
constraint,0.0,0.0,0.0,0.5,1,1
duplex_RNAplex_equals,0.0,0.0,0.0,0.5,2,2
Seed_match_compact_A,0.0,0.0,0.0,0.5,2,2
Seed_match_compact_GU_2_7,0.0,0.0,0.0,0.5,3,4
Seed_match_compact_GU_3_8,0.0,0.0,0.0,0.5,3,3
Seed_match_compact_GU_all,0.0,0.0,0.0,0.5,4,4
Seed_match_compact_bulge_mirna,0.0,0.0,0.0,0.5,4,3
Seed_match_compact_bulge_target,0.0,0.0,0.0,0.5,22,24
Seed_match_compact_interactions_2_7,0.0,0.0,0.0,0.5,5,5
Seed_match_compact_interactions_3_8,0.0,0.0,0.0,0.5,5,5
Seed_match_compact_interactions_all,0.0,0.0,0.0,0.5,6,6
Seed_match_compact_mismatch_inner,0.0,0.0,0.0,0.5,3,3
Seed_match_compact_mismatch_left,0.0,0.0,0.0,0.5,2,2
Seed_match_compact_mismatch_right,0.0,0.0,0.0,0.5,2,2
Seed_match_compact_start,0.0,0.0,0.0,0.5,6,6
miRNAMatchPosition_1,0.0,0.0,0.0,0.5,4,4
miRNAMatchPosition_10,0.0,0.0,0.0,0.5,4,4
miRNAMatchPosition_11,0.0,0.0,0.0,0.5,4,4
miRNAMatchPosition_12,0.0,0.0,0.0,0.5,4,4
miRNAMatchPosition_13,0.0,0.0,0.0,0.5,4,4
miRNAMatchPosition_14,0.0,0.0,0.0,0.5,4,4
miRNAMatchPosition_15,0.0,0.0,0.0,0.5,4,4
miRNAMatchPosition_16,0.0,0.0,0.0,0.5,4,4
miRNAMatchPosition_17,0.0,0.0,0.0,0.5,4,4
miRNAMatchPosition_18,0.0,0.0,0.0,0.5,4,4
miRNAMatchPosition_19,0.0,0.0,0.0,0.5,4,4
miRNAMatchPosition_2,0.0,0.0,0.0,0.5,4,4
miRNAMatchPosition_20,0.0,0.0,0.0,0.5,4,4
miRNAMatchPosition_3,0.0,0.0,0.0,0.5,4,4
miRNAMatchPosition_4,0.0,0.0,0.0,0.5,4,4
miRNAMatchPosition_5,0.0,0.0,0.0,0.5,4,4
miRNAMatchPosition_6,0.0,0.0,0.0,0.5,4,4
miRNAMatchPosition_7,0.0,0.0,0.0,0.5,4,4
miRNAMatchPosition_8,0.0,0.0,0.0,0.5,4,4
miRNAMatchPosition_9,0.0,0.0,0.0,0.5,4,4
miRNAPairingCount_Seed_AU,0.0,0.0,0.0,0.5,9,8
miRNAPairingCount_Seed_GC,0.0,0.0,0.0,0.5,8,9
miRNAPairingCount_Seed_GU,0.0,0.0,0.0,0.5,5,6
miRNAPairingCount_Seed_bulge,0.0,0.0,0.0,0.5,4,4
miRNAPairingCount_Seed_bulge_nt,0.0,0.0,0.0,0.5,6,6
miRNAPairingCount_Seed_mismatch,0.0,0.0,0.0,0.5,1,1
miRNAPairingCount_Total_AU,0.0,0.0,0.0,0.5,16,15
miRNAPairingCount_Total_GC,0.0,0.0,0.0,0.5,16,15
miRNAPairingCount_Total_GU,0.0,0.0,0.0,0.5,9,11
miRNAPairingCount_Total_bulge,0.0,0.0,0.0,0.5,7,7
miRNAPairingCount_Total_bulge_nt,0.0,0.0,0.0,0.5,21,18
miRNAPairingCount_Total_mismatch,0.0,0.0,0.0,0.5,1,1
miRNAPairingCount_X3p_AU,0.0,0.0,0.0,0.5,11,12
miRNAPairingCount_X3p_GC,0.0,0.0,0.0,0.5,12,14
miRNAPairingCount_X3p_GU,0.0,0.0,0.0,0.5,8,9
miRNAPairingCount_X3p_bulge,0.0,0.0,0.0,0.5,6,6
miRNAPairingCount_X3p_bulge_nt,0.0,0.0,0.0,0.5,18,16
miRNAPairingCount_X3p_mismatch,0.0,0.0,0.0,0.5,1,1
MRNA_Dist_to_start,0.0,0.0,0.0,0.5,5829,5865
MRNA_Dist_to_end,0.0,0.0,0.0,0.5,5691,5877
MRNA_Target_AA_comp,0.0,0.0,0.0,0.5,153,139
MRNA_Target_AC_comp,0.0,0.0,0.0,0.5,120,107
MRNA_Target_AG_comp,0.0,0.0,0.0,0.5,140,146
MRNA_Target_AU_comp,0.0,0.0,0.0,0.5,127,116
MRNA_Target_A_comp,0.0,0.0,0.0,0.5,252,252
MRNA_Target_CA_comp,0.0,0.0,0.0,0.5,131,122
MRNA_Target_CC_comp,0.0,0.0,0.0,0.5,184,182
MRNA_Target_CG_comp,0.0,0.0,0.0,0.5,89,107
MRNA_Target_CU_comp,0.0,0.0,0.0,0.5,150,141
MRNA_Target_C_comp,0.0,0.0,0.0,0.5,289,307
MRNA_Target_GA_comp,0.0,0.0,0.0,0.5,137,144
MRNA_Target_GC_comp,0.0,0.0,0.0,0.5,129,132
MRNA_Target_GG_comp,0.0,0.0,0.0,0.5,197,241
MRNA_Target_GU_comp,0.0,0.0,0.0,0.5,129,147
MRNA_Target_G_comp,0.0,0.0,0.0,0.5,302,345
MRNA_Target_UA_comp,0.0,0.0,0.0,0.5,122,108
MRNA_Target_UC_comp,0.0,0.0,0.0,0.5,131,125
MRNA_Target_UG_comp,0.0,0.0,0.0,0.5,151,164
MRNA_Target_UU_comp,0.0,0.0,0.0,0.5,183,176
MRNA_Target_U_comp,0.0,0.0,0.0,0.5,297,297
MRNA_Up_AA_comp,0.0,0.0,0.0,0.5,237,215
MRNA_Up_AC_comp,0.0,0.0,0.0,0.5,177,168
MRNA_Up_AG_comp,0.0,0.0,0.0,0.5,198,190
MRNA_Up_AU_comp,0.0,0.0,0.0,0.5,191,171
MRNA_Up_A_comp,0.0,0.0,0.0,0.5,334,304
MRNA_Up_CA_comp,0.0,0.0,0.0,0.5,199,184
MRNA_Up_CC_comp,0.0,0.0,0.0,0.5,236,222
MRNA_Up_CG_comp,0.0,0.0,0.0,0.5,116,130
MRNA_Up_CU_comp,0.0,0.0,0.0,0.5,212,190
MRNA_Up_C_comp,0.0,0.0,0.0,0.5,309,307
MRNA_Up_GA_comp,0.0,0.0,0.0,0.5,185,176
MRNA_Up_GC_comp,0.0,0.0,0.0,0.5,184,193
MRNA_Up_GG_comp,0.0,0.0,0.0,0.5,211,217
MRNA_Up_GU_comp,0.0,0.0,0.0,0.5,164,157
MRNA_Up_G_comp,0.0,0.0,0.0,0.5,304,296
MRNA_Up_UA_comp,0.0,0.0,0.0,0.5,175,149
MRNA_Up_UC_comp,0.0,0.0,0.0,0.5,184,169
MRNA_Up_UG_comp,0.0,0.0,0.0,0.5,190,187
MRNA_Up_UU_comp,0.0,0.0,0.0,0.5,232,207
MRNA_Up_U_comp,0.0,0.0,0.0,0.5,317,300
MRNA_Down_AA_comp,0.0,0.0,0.0,0.5,254,202
MRNA_Down_AC_comp,0.0,0.0,0.0,0.5,151,128
MRNA_Down_AG_comp,0.0,0.0,0.0,0.5,158,149
MRNA_Down_AU_comp,0.0,0.0,0.0,0.5,183,159
MRNA_Down_A_comp,0.0,0.0,0.0,0.5,283,257
MRNA_Down_CA_comp,0.0,0.0,0.0,0.5,162,144
MRNA_Down_CC_comp,0.0,0.0,0.0,0.5,165,148
MRNA_Down_CG_comp,0.0,0.0,0.0,0.5,72,70
MRNA_Down_CU_comp,0.0,0.0,0.0,0.5,170,153
MRNA_Down_C_comp,0.0,0.0,0.0,0.5,267,231
MRNA_Down_GA_comp,0.0,0.0,0.0,0.5,158,142
MRNA_Down_GC_comp,0.0,0.0,0.0,0.5,139,126
MRNA_Down_GG_comp,0.0,0.0,0.0,0.5,147,148
MRNA_Down_GU_comp,0.0,0.0,0.0,0.5,161,141
MRNA_Down_G_comp,0.0,0.0,0.0,0.5,246,234
MRNA_Down_UA_comp,0.0,0.0,0.0,0.5,183,157
MRNA_Down_UC_comp,0.0,0.0,0.0,0.5,151,137
MRNA_Down_UG_comp,0.0,0.0,0.0,0.5,164,159
MRNA_Down_UU_comp,0.0,0.0,0.0,0.5,236,195
MRNA_Down_U_comp,0.0,0.0,0.0,0.5,281,249
HotPairingMRNA_he_P1_L1,0.0,0.0,0.0,0.5,2,2
HotPairingMRNA_he_P1_L2,0.0,0.0,0.0,0.5,2,2
HotPairingMRNA_he_P1_L3,0.0,0.0,0.0,0.5,2,2
HotPairingMRNA_he_P1_L4,0.0,0.0,0.0,0.5,2,2
HotPairingMRNA_he_P1_L5,0.0,0.0,0.0,0.5,1,1
HotPairingMRNA_he_P2_L1,0.0,0.0,0.0,0.5,2,2
HotPairingMRNA_he_P2_L2,0.0,0.0,0.0,0.5,2,2
HotPairingMRNA_he_P2_L3,0.0,0.0,0.0,0.5,2,2
HotPairingMRNA_he_P2_L4,0.0,0.0,0.0,0.5,2,2
HotPairingMRNA_he_P2_L5,0.0,0.0,0.0,0.5,1,1
HotPairingMRNA_he_P3_L1,0.0,0.0,0.0,0.5,2,2
HotPairingMRNA_he_P3_L2,0.0,0.0,0.0,0.5,2,2
HotPairingMRNA_he_P3_L3,0.0,0.0,0.0,0.5,2,2
HotPairingMRNA_he_P3_L4,0.0,0.0,0.0,0.5,2,2
HotPairingMRNA_he_P3_L5,0.0,0.0,0.0,0.5,1,1
HotPairingMRNA_he_P4_L1,0.0,0.0,0.0,0.5,2,2
HotPairingMRNA_he_P4_L2,0.0,0.0,0.0,0.5,2,2
HotPairingMRNA_he_P4_L3,0.0,0.0,0.0,0.5,2,2
HotPairingMRNA_he_P4_L4,0.0,0.0,0.0,0.5,2,2
HotPairingMRNA_he_P4_L5,0.0,0.0,0.0,0.5,1,1
HotPairingMRNA_he_P5_L1,0.0,0.0,0.0,0.5,2,2
HotPairingMRNA_he_P5_L2,0.0,0.0,0.0,0.5,2,2
HotPairingMRNA_he_P5_L3,0.0,0.0,0.0,0.5,2,2
HotPairingMRNA_he_P5_L4,0.0,0.0,0.0,0.5,2,2
HotPairingMRNA_he_P5_L5,0.0,0.0,0.0,0.5,1,1
HotPairingMRNA_he_P6_L1,0.0,0.0,0.0,0.5,2,2
HotPairingMRNA_he_P6_L2,0.0,0.0,0.0,0.5,2,2
HotPairingMRNA_he_P6_L3,0.0,0.0,0.0,0.5,2,2
HotPairingMRNA_he_P6_L4,0.0,0.0,0.0,0.5,2,2
HotPairingMRNA_he_P6_L5,0.0,0.0,0.0,0.5,1,1
HotPairingMRNA_he_P7_L1,0.0,0.0,0.0,0.5,2,2
HotPairingMRNA_he_P7_L2,0.0,0.0,0.0,0.5,2,2
HotPairingMRNA_he_P7_L3,0.0,0.0,0.0,0.5,2,2
HotPairingMRNA_he_P7_L4,0.0,0.0,0.0,0.5,2,2
HotPairingMRNA_he_P7_L5,0.0,0.0,0.0,0.5,1,1
HotPairingMRNA_he_P8_L1,0.0,0.0,0.0,0.5,2,2
HotPairingMRNA_he_P8_L2,0.0,0.0,0.0,0.5,2,2
HotPairingMRNA_he_P8_L3,0.0,0.0,0.0,0.5,2,2
HotPairingMRNA_he_P8_L4,0.0,0.0,0.0,0.5,2,2
HotPairingMRNA_he_P8_L5,0.0,0.0,0.0,0.5,1,1
HotPairingMRNA_he_P9_L1,0.0,0.0,0.0,0.5,2,2
HotPairingMRNA_he_P9_L2,0.0,0.0,0.0,0.5,2,2
HotPairingMRNA_he_P9_L3,0.0,0.0,0.0,0.5,2,2
HotPairingMRNA_he_P9_L4,0.0,0.0,0.0,0.5,2,2
HotPairingMRNA_he_P9_L5,0.0,0.0,0.0,0.5,1,1
HotPairingMirna_he_P1_L1,0.0,0.0,0.0,0.5,2,2
HotPairingMirna_he_P1_L2,0.0,0.0,0.0,0.5,2,2
HotPairingMirna_he_P1_L3,0.0,0.0,0.0,0.5,2,2
HotPairingMirna_he_P1_L4,0.0,0.0,0.0,0.5,2,2
HotPairingMirna_he_P1_L5,0.0,0.0,0.0,0.5,1,1
HotPairingMirna_he_P2_L1,0.0,0.0,0.0,0.5,2,2
HotPairingMirna_he_P2_L2,0.0,0.0,0.0,0.5,2,2
HotPairingMirna_he_P2_L3,0.0,0.0,0.0,0.5,2,2
HotPairingMirna_he_P2_L4,0.0,0.0,0.0,0.5,2,2
HotPairingMirna_he_P2_L5,0.0,0.0,0.0,0.5,1,1
HotPairingMirna_he_P3_L1,0.0,0.0,0.0,0.5,2,2
HotPairingMirna_he_P3_L2,0.0,0.0,0.0,0.5,2,2
HotPairingMirna_he_P3_L3,0.0,0.0,0.0,0.5,2,2
HotPairingMirna_he_P3_L4,0.0,0.0,0.0,0.5,2,2
HotPairingMirna_he_P3_L5,0.0,0.0,0.0,0.5,1,1
HotPairingMirna_he_P4_L1,0.0,0.0,0.0,0.5,2,2
HotPairingMirna_he_P4_L2,0.0,0.0,0.0,0.5,2,2
HotPairingMirna_he_P4_L3,0.0,0.0,0.0,0.5,2,2
HotPairingMirna_he_P4_L4,0.0,0.0,0.0,0.5,2,2
HotPairingMirna_he_P4_L5,0.0,0.0,0.0,0.5,1,1
HotPairingMirna_he_P5_L1,0.0,0.0,0.0,0.5,2,2
HotPairingMirna_he_P5_L2,0.0,0.0,0.0,0.5,2,2
HotPairingMirna_he_P5_L3,0.0,0.0,0.0,0.5,2,2
HotPairingMirna_he_P5_L4,0.0,0.0,0.0,0.5,2,2
HotPairingMirna_he_P5_L5,0.0,0.0,0.0,0.5,1,1
HotPairingMirna_he_P6_L1,0.0,0.0,0.0,0.5,2,2
HotPairingMirna_he_P6_L2,0.0,0.0,0.0,0.5,2,2
HotPairingMirna_he_P6_L3,0.0,0.0,0.0,0.5,2,2
HotPairingMirna_he_P6_L4,0.0,0.0,0.0,0.5,2,2
HotPairingMirna_he_P6_L5,0.0,0.0,0.0,0.5,1,1
HotPairingMirna_he_P7_L1,0.0,0.0,0.0,0.5,2,2
HotPairingMirna_he_P7_L2,0.0,0.0,0.0,0.5,2,2
HotPairingMirna_he_P7_L3,0.0,0.0,0.0,0.5,2,2
HotPairingMirna_he_P7_L4,0.0,0.0,0.0,0.5,2,2
HotPairingMirna_he_P7_L5,0.0,0.0,0.0,0.5,1,1
HotPairingMirna_he_P8_L1,0.0,0.0,0.0,0.5,2,2
HotPairingMirna_he_P8_L2,0.0,0.0,0.0,0.5,2,2
HotPairingMirna_he_P8_L3,0.0,0.0,0.0,0.5,2,2
HotPairingMirna_he_P8_L4,0.0,0.0,0.0,0.5,2,2
HotPairingMirna_he_P8_L5,0.0,0.0,0.0,0.5,1,1
HotPairingMirna_he_P9_L1,0.0,0.0,0.0,0.5,2,2
HotPairingMirna_he_P9_L2,0.0,0.0,0.0,0.5,2,2
HotPairingMirna_he_P9_L3,0.0,0.0,0.0,0.5,2,2
HotPairingMirna_he_P9_L4,0.0,0.0,0.0,0.5,2,2
HotPairingMirna_he_P9_L5,0.0,0.0,0.0,0.5,1,1
Energy_MEF_3p,0.0,0.0,0.0,0.5,104,122
Energy_MEF_Duplex,0.0,0.0,0.0,0.5,323,266
Energy_MEF_Seed,0.0,0.0,0.0,0.5,36,44
Energy_MEF_cons_local_target,0.0,0.0,0.0,0.5,1568,1662
Energy_MEF_cons_local_target_normalized,0.0,0.0,0.0,0.5,2397,2556
Energy_MEF_local_target,0.0,0.0,0.0,0.5,581,633
Energy_MEF_local_target_normalized,0.0,0.0,0.0,0.5,2618,2836
Acc_P10_10th,0.0,0.0,0.0,0.5,8554,9051
Acc_P10_1th,0.0,0.0,0.0,0.5,8551,9069
Acc_P10_2th,0.0,0.0,0.0,0.5,8551,9069
Acc_P10_3th,0.0,0.0,0.0,0.5,8551,9070
Acc_P10_4th,0.0,0.0,0.0,0.5,8555,9069
Acc_P10_5th,0.0,0.0,0.0,0.5,8554,9071
Acc_P10_6th,0.0,0.0,0.0,0.5,8553,9068
Acc_P10_7th,0.0,0.0,0.0,0.5,8552,9063
Acc_P10_8th,0.0,0.0,0.0,0.5,8555,9059
Acc_P10_9th,0.0,0.0,0.0,0.5,8553,9052
Acc_P11_10th,0.0,0.0,0.0,0.5,8553,9052
Acc_P11_1th,0.0,0.0,0.0,0.5,8552,9073
Acc_P11_2th,0.0,0.0,0.0,0.5,8550,9072
Acc_P11_3th,0.0,0.0,0.0,0.5,8554,9070
Acc_P11_4th,0.0,0.0,0.0,0.5,8552,9071
Acc_P11_5th,0.0,0.0,0.0,0.5,8553,9071
Acc_P11_6th,0.0,0.0,0.0,0.5,8550,9069
Acc_P11_7th,0.0,0.0,0.0,0.5,8554,9068
Acc_P11_8th,0.0,0.0,0.0,0.5,8551,9062
Acc_P11_9th,0.0,0.0,0.0,0.5,8551,9058
Acc_P12_10th,0.0,0.0,0.0,0.5,8549,9056
Acc_P12_1th,0.0,0.0,0.0,0.5,8548,9076
Acc_P12_2th,0.0,0.0,0.0,0.5,8550,9076
Acc_P12_3th,0.0,0.0,0.0,0.5,8550,9074
Acc_P12_4th,0.0,0.0,0.0,0.5,8550,9072
Acc_P12_5th,0.0,0.0,0.0,0.5,8554,9068
Acc_P12_6th,0.0,0.0,0.0,0.5,8554,9071
Acc_P12_7th,0.0,0.0,0.0,0.5,8553,9071
Acc_P12_8th,0.0,0.0,0.0,0.5,8551,9068
Acc_P12_9th,0.0,0.0,0.0,0.5,8554,9063
Acc_P13_10th,0.0,0.0,0.0,0.5,8555,9063
Acc_P13_1th,0.0,0.0,0.0,0.5,8550,9077
Acc_P13_2th,0.0,0.0,0.0,0.5,8552,9076
Acc_P13_3th,0.0,0.0,0.0,0.5,8551,9073
Acc_P13_4th,0.0,0.0,0.0,0.5,8553,9068
Acc_P13_5th,0.0,0.0,0.0,0.5,8551,9072
Acc_P13_6th,0.0,0.0,0.0,0.5,8554,9073
Acc_P13_7th,0.0,0.0,0.0,0.5,8553,9070
Acc_P13_8th,0.0,0.0,0.0,0.5,8551,9068
Acc_P13_9th,0.0,0.0,0.0,0.5,8555,9063
Acc_P14_10th,0.0,0.0,0.0,0.5,8555,9067
Acc_P14_1th,0.0,0.0,0.0,0.5,8552,9074
Acc_P14_2th,0.0,0.0,0.0,0.5,8555,9075
Acc_P14_3th,0.0,0.0,0.0,0.5,8550,9073
Acc_P14_4th,0.0,0.0,0.0,0.5,8551,9073
Acc_P14_5th,0.0,0.0,0.0,0.5,8554,9068
Acc_P14_6th,0.0,0.0,0.0,0.5,8552,9071
Acc_P14_7th,0.0,0.0,0.0,0.5,8552,9069
Acc_P14_8th,0.0,0.0,0.0,0.5,8555,9068
Acc_P14_9th,0.0,0.0,0.0,0.5,8552,9069
Acc_P15_10th,0.0,0.0,0.0,0.5,8553,9070
Acc_P15_1th,0.0,0.0,0.0,0.5,8551,9076
Acc_P15_2th,0.0,0.0,0.0,0.5,8550,9076
Acc_P15_3th,0.0,0.0,0.0,0.5,8552,9070
Acc_P15_4th,0.0,0.0,0.0,0.5,8552,9072
Acc_P15_5th,0.0,0.0,0.0,0.5,8549,9073
Acc_P15_6th,0.0,0.0,0.0,0.5,8555,9073
Acc_P15_7th,0.0,0.0,0.0,0.5,8555,9071
Acc_P15_8th,0.0,0.0,0.0,0.5,8555,9069
Acc_P15_9th,0.0,0.0,0.0,0.5,8551,9070
Acc_P16_10th,0.0,0.0,0.0,0.5,8554,9068
Acc_P16_1th,0.0,0.0,0.0,0.5,8548,9073
Acc_P16_2th,0.0,0.0,0.0,0.5,8549,9072
Acc_P16_3th,0.0,0.0,0.0,0.5,8548,9077
Acc_P16_4th,0.0,0.0,0.0,0.5,8548,9074
Acc_P16_5th,0.0,0.0,0.0,0.5,8552,9075
Acc_P16_6th,0.0,0.0,0.0,0.5,8551,9073
Acc_P16_7th,0.0,0.0,0.0,0.5,8553,9070
Acc_P16_8th,0.0,0.0,0.0,0.5,8554,9073
Acc_P16_9th,0.0,0.0,0.0,0.5,8553,9071
Acc_P17_10th,0.0,0.0,0.0,0.5,8552,9069
Acc_P17_1th,0.0,0.0,0.0,0.5,8552,9074
Acc_P17_2th,0.0,0.0,0.0,0.5,8551,9076
Acc_P17_3th,0.0,0.0,0.0,0.5,8552,9073
Acc_P17_4th,0.0,0.0,0.0,0.5,8552,9074
Acc_P17_5th,0.0,0.0,0.0,0.5,8552,9074
Acc_P17_6th,0.0,0.0,0.0,0.5,8552,9075
Acc_P17_7th,0.0,0.0,0.0,0.5,8552,9073
Acc_P17_8th,0.0,0.0,0.0,0.5,8551,9071
Acc_P17_9th,0.0,0.0,0.0,0.5,8553,9072
Acc_P18_10th,0.0,0.0,0.0,0.5,8550,9071
Acc_P18_1th,0.0,0.0,0.0,0.5,8550,9074
Acc_P18_2th,0.0,0.0,0.0,0.5,8549,9077
Acc_P18_3th,0.0,0.0,0.0,0.5,8552,9078
Acc_P18_4th,0.0,0.0,0.0,0.5,8550,9074
Acc_P18_5th,0.0,0.0,0.0,0.5,8547,9075
Acc_P18_6th,0.0,0.0,0.0,0.5,8553,9075
Acc_P18_7th,0.0,0.0,0.0,0.5,8555,9074
Acc_P18_8th,0.0,0.0,0.0,0.5,8554,9073
Acc_P18_9th,0.0,0.0,0.0,0.5,8553,9072
Acc_P19_10th,0.0,0.0,0.0,0.5,8553,9073
Acc_P19_1th,0.0,0.0,0.0,0.5,8552,9072
Acc_P19_2th,0.0,0.0,0.0,0.5,8553,9074
Acc_P19_3th,0.0,0.0,0.0,0.5,8554,9075
Acc_P19_4th,0.0,0.0,0.0,0.5,8552,9076
Acc_P19_5th,0.0,0.0,0.0,0.5,8549,9077
Acc_P19_6th,0.0,0.0,0.0,0.5,8553,9077
Acc_P19_7th,0.0,0.0,0.0,0.5,8554,9076
Acc_P19_8th,0.0,0.0,0.0,0.5,8551,9077
Acc_P19_9th,0.0,0.0,0.0,0.5,8551,9072
Acc_P1_10th,0.0,0.0,0.0,0.5,8504,8978
Acc_P1_1th,0.0,0.0,0.0,0.5,8553,9046
Acc_P1_2th,0.0,0.0,0.0,0.5,8549,9042
Acc_P1_3th,0.0,0.0,0.0,0.5,8551,9035
Acc_P1_4th,0.0,0.0,0.0,0.5,8541,9028
Acc_P1_5th,0.0,0.0,0.0,0.5,8539,9026
Acc_P1_6th,0.0,0.0,0.0,0.5,8532,9013
Acc_P1_7th,0.0,0.0,0.0,0.5,8524,9008
Acc_P1_8th,0.0,0.0,0.0,0.5,8517,8997
Acc_P1_9th,0.0,0.0,0.0,0.5,8513,8985
Acc_P20_10th,0.0,0.0,0.0,0.5,8553,9076
Acc_P20_1th,0.0,0.0,0.0,0.5,8547,9073
Acc_P20_2th,0.0,0.0,0.0,0.5,8553,9074
Acc_P20_3th,0.0,0.0,0.0,0.5,8551,9075
Acc_P20_4th,0.0,0.0,0.0,0.5,8551,9075
Acc_P20_5th,0.0,0.0,0.0,0.5,8553,9076
Acc_P20_6th,0.0,0.0,0.0,0.5,8550,9077
Acc_P20_7th,0.0,0.0,0.0,0.5,8553,9076
Acc_P20_8th,0.0,0.0,0.0,0.5,8553,9076
Acc_P20_9th,0.0,0.0,0.0,0.5,8554,9076
Acc_P21_10th,0.0,0.0,0.0,0.5,8553,9076
Acc_P21_1th,0.0,0.0,0.0,0.5,8550,9072
Acc_P21_2th,0.0,0.0,0.0,0.5,8551,9071
Acc_P21_3th,0.0,0.0,0.0,0.5,8550,9076
Acc_P21_4th,0.0,0.0,0.0,0.5,8552,9078
Acc_P21_5th,0.0,0.0,0.0,0.5,8553,9075
Acc_P21_6th,0.0,0.0,0.0,0.5,8553,9078
Acc_P21_7th,0.0,0.0,0.0,0.5,8552,9074
Acc_P21_8th,0.0,0.0,0.0,0.5,8549,9077
Acc_P21_9th,0.0,0.0,0.0,0.5,8551,9077
Acc_P22_10th,0.0,0.0,0.0,0.5,8550,9075
Acc_P22_1th,0.0,0.0,0.0,0.5,8553,9076
Acc_P22_2th,0.0,0.0,0.0,0.5,8552,9069
Acc_P22_3th,0.0,0.0,0.0,0.5,8552,9073
Acc_P22_4th,0.0,0.0,0.0,0.5,8554,9073
Acc_P22_5th,0.0,0.0,0.0,0.5,8554,9070
Acc_P22_6th,0.0,0.0,0.0,0.5,8553,9074
Acc_P22_7th,0.0,0.0,0.0,0.5,8551,9073
Acc_P22_8th,0.0,0.0,0.0,0.5,8553,9074
Acc_P22_9th,0.0,0.0,0.0,0.5,8551,9075
Acc_P23_10th,0.0,0.0,0.0,0.5,8553,9071
Acc_P23_1th,0.0,0.0,0.0,0.5,8553,9066
Acc_P23_2th,0.0,0.0,0.0,0.5,8549,9073
Acc_P23_3th,0.0,0.0,0.0,0.5,8549,9068
Acc_P23_4th,0.0,0.0,0.0,0.5,8548,9069
Acc_P23_5th,0.0,0.0,0.0,0.5,8551,9070
Acc_P23_6th,0.0,0.0,0.0,0.5,8552,9072
Acc_P23_7th,0.0,0.0,0.0,0.5,8548,9073
Acc_P23_8th,0.0,0.0,0.0,0.5,8552,9070
Acc_P23_9th,0.0,0.0,0.0,0.5,8554,9071
Acc_P24_10th,0.0,0.0,0.0,0.5,8552,9068
Acc_P24_1th,0.0,0.0,0.0,0.5,8552,9068
Acc_P24_2th,0.0,0.0,0.0,0.5,8551,9071
Acc_P24_3th,0.0,0.0,0.0,0.5,8550,9069
Acc_P24_4th,0.0,0.0,0.0,0.5,8549,9067
Acc_P24_5th,0.0,0.0,0.0,0.5,8549,9067
Acc_P24_6th,0.0,0.0,0.0,0.5,8551,9072
Acc_P24_7th,0.0,0.0,0.0,0.5,8551,9070
Acc_P24_8th,0.0,0.0,0.0,0.5,8553,9070
Acc_P24_9th,0.0,0.0,0.0,0.5,8552,9068
Acc_P25_10th,0.0,0.0,0.0,0.5,8549,9065
Acc_P25_1th,0.0,0.0,0.0,0.5,8550,9066
Acc_P25_2th,0.0,0.0,0.0,0.5,8551,9066
Acc_P25_3th,0.0,0.0,0.0,0.5,8550,9066
Acc_P25_4th,0.0,0.0,0.0,0.5,8549,9067
Acc_P25_5th,0.0,0.0,0.0,0.5,8548,9066
Acc_P25_6th,0.0,0.0,0.0,0.5,8549,9070
Acc_P25_7th,0.0,0.0,0.0,0.5,8549,9067
Acc_P25_8th,0.0,0.0,0.0,0.5,8547,9069
Acc_P25_9th,0.0,0.0,0.0,0.5,8552,9069
Acc_P26_10th,0.0,0.0,0.0,0.5,8549,9067
Acc_P26_1th,0.0,0.0,0.0,0.5,8549,9067
Acc_P26_2th,0.0,0.0,0.0,0.5,8545,9066
Acc_P26_3th,0.0,0.0,0.0,0.5,8550,9065
Acc_P26_4th,0.0,0.0,0.0,0.5,8549,9068
Acc_P26_5th,0.0,0.0,0.0,0.5,8547,9065
Acc_P26_6th,0.0,0.0,0.0,0.5,8549,9068
Acc_P26_7th,0.0,0.0,0.0,0.5,8552,9066
Acc_P26_8th,0.0,0.0,0.0,0.5,8550,9066
Acc_P26_9th,0.0,0.0,0.0,0.5,8551,9067
Acc_P27_10th,0.0,0.0,0.0,0.5,8547,9064
Acc_P27_1th,0.0,0.0,0.0,0.5,8548,9064
Acc_P27_2th,0.0,0.0,0.0,0.5,8548,9061
Acc_P27_3th,0.0,0.0,0.0,0.5,8546,9061
Acc_P27_4th,0.0,0.0,0.0,0.5,8547,9063
Acc_P27_5th,0.0,0.0,0.0,0.5,8548,9064
Acc_P27_6th,0.0,0.0,0.0,0.5,8551,9064
Acc_P27_7th,0.0,0.0,0.0,0.5,8547,9060
Acc_P27_8th,0.0,0.0,0.0,0.5,8548,9066
Acc_P27_9th,0.0,0.0,0.0,0.5,8548,9065
Acc_P28_10th,0.0,0.0,0.0,0.5,8545,9063
Acc_P28_1th,0.0,0.0,0.0,0.5,8541,9064
Acc_P28_2th,0.0,0.0,0.0,0.5,8547,9059
Acc_P28_3th,0.0,0.0,0.0,0.5,8544,9060
Acc_P28_4th,0.0,0.0,0.0,0.5,8545,9058
Acc_P28_5th,0.0,0.0,0.0,0.5,8544,9061
Acc_P28_6th,0.0,0.0,0.0,0.5,8545,9061
Acc_P28_7th,0.0,0.0,0.0,0.5,8546,9057
Acc_P28_8th,0.0,0.0,0.0,0.5,8547,9057
Acc_P28_9th,0.0,0.0,0.0,0.5,8546,9062
Acc_P29_10th,0.0,0.0,0.0,0.5,8544,9062
Acc_P29_1th,0.0,0.0,0.0,0.5,8543,9060
Acc_P29_2th,0.0,0.0,0.0,0.5,8541,9059
Acc_P29_3th,0.0,0.0,0.0,0.5,8543,9058
Acc_P29_4th,0.0,0.0,0.0,0.5,8545,9057
Acc_P29_5th,0.0,0.0,0.0,0.5,8544,9061
Acc_P29_6th,0.0,0.0,0.0,0.5,8541,9063
Acc_P29_7th,0.0,0.0,0.0,0.5,8542,9061
Acc_P29_8th,0.0,0.0,0.0,0.5,8542,9061
Acc_P29_9th,0.0,0.0,0.0,0.5,8544,9058
Acc_P2_10th,0.0,0.0,0.0,0.5,8514,8987
Acc_P2_1th,0.0,0.0,0.0,0.5,8548,9051
Acc_P2_2th,0.0,0.0,0.0,0.5,8555,9051
Acc_P2_3th,0.0,0.0,0.0,0.5,8553,9038
Acc_P2_4th,0.0,0.0,0.0,0.5,8543,9037
Acc_P2_5th,0.0,0.0,0.0,0.5,8538,9027
Acc_P2_6th,0.0,0.0,0.0,0.5,8540,9022
Acc_P2_7th,0.0,0.0,0.0,0.5,8532,9014
Acc_P2_8th,0.0,0.0,0.0,0.5,8529,9006
Acc_P2_9th,0.0,0.0,0.0,0.5,8518,8995
Acc_P30_10th,0.0,0.0,0.0,0.5,8540,9058
Acc_P30_1th,0.0,0.0,0.0,0.5,8539,9057
Acc_P30_2th,0.0,0.0,0.0,0.5,8539,9056
Acc_P30_3th,0.0,0.0,0.0,0.5,8540,9059
Acc_P30_4th,0.0,0.0,0.0,0.5,8541,9057
Acc_P30_5th,0.0,0.0,0.0,0.5,8541,9053
Acc_P30_6th,0.0,0.0,0.0,0.5,8541,9057
Acc_P30_7th,0.0,0.0,0.0,0.5,8541,9055
Acc_P30_8th,0.0,0.0,0.0,0.5,8540,9059
Acc_P30_9th,0.0,0.0,0.0,0.5,8540,9057
Acc_P31_10th,0.0,0.0,0.0,0.5,8540,9058
Acc_P31_1th,0.0,0.0,0.0,0.5,8541,9050
Acc_P31_2th,0.0,0.0,0.0,0.5,8541,9054
Acc_P31_3th,0.0,0.0,0.0,0.5,8541,9058
Acc_P31_4th,0.0,0.0,0.0,0.5,8537,9057
Acc_P31_5th,0.0,0.0,0.0,0.5,8540,9056
Acc_P31_6th,0.0,0.0,0.0,0.5,8542,9057
Acc_P31_7th,0.0,0.0,0.0,0.5,8542,9056
Acc_P31_8th,0.0,0.0,0.0,0.5,8538,9056
Acc_P31_9th,0.0,0.0,0.0,0.5,8537,9059
Acc_P32_10th,0.0,0.0,0.0,0.5,8537,9050
Acc_P32_1th,0.0,0.0,0.0,0.5,8536,9047
Acc_P32_2th,0.0,0.0,0.0,0.5,8531,9051
Acc_P32_3th,0.0,0.0,0.0,0.5,8537,9047
Acc_P32_4th,0.0,0.0,0.0,0.5,8539,9047
Acc_P32_5th,0.0,0.0,0.0,0.5,8535,9052
Acc_P32_6th,0.0,0.0,0.0,0.5,8536,9051
Acc_P32_7th,0.0,0.0,0.0,0.5,8534,9049
Acc_P32_8th,0.0,0.0,0.0,0.5,8537,9047
Acc_P32_9th,0.0,0.0,0.0,0.5,8539,9051
Acc_P33_10th,0.0,0.0,0.0,0.5,8534,9047
Acc_P33_1th,0.0,0.0,0.0,0.5,8535,9048
Acc_P33_2th,0.0,0.0,0.0,0.5,8531,9048
Acc_P33_3th,0.0,0.0,0.0,0.5,8535,9041
Acc_P33_4th,0.0,0.0,0.0,0.5,8532,9045
Acc_P33_5th,0.0,0.0,0.0,0.5,8534,9046
Acc_P33_6th,0.0,0.0,0.0,0.5,8534,9043
Acc_P33_7th,0.0,0.0,0.0,0.5,8536,9048
Acc_P33_8th,0.0,0.0,0.0,0.5,8535,9047
Acc_P33_9th,0.0,0.0,0.0,0.5,8535,9048
Acc_P34_10th,0.0,0.0,0.0,0.5,8532,9046
Acc_P34_1th,0.0,0.0,0.0,0.5,8531,9045
Acc_P34_2th,0.0,0.0,0.0,0.5,8532,9042
Acc_P34_3th,0.0,0.0,0.0,0.5,8532,9046
Acc_P34_4th,0.0,0.0,0.0,0.5,8530,9045
Acc_P34_5th,0.0,0.0,0.0,0.5,8533,9046
Acc_P34_6th,0.0,0.0,0.0,0.5,8532,9044
Acc_P34_7th,0.0,0.0,0.0,0.5,8533,9045
Acc_P34_8th,0.0,0.0,0.0,0.5,8532,9045
Acc_P34_9th,0.0,0.0,0.0,0.5,8532,9046
Acc_P35_10th,0.0,0.0,0.0,0.5,8532,9042
Acc_P35_1th,0.0,0.0,0.0,0.5,8527,9042
Acc_P35_2th,0.0,0.0,0.0,0.5,8532,9040
Acc_P35_3th,0.0,0.0,0.0,0.5,8532,9038
Acc_P35_4th,0.0,0.0,0.0,0.5,8532,9036
Acc_P35_5th,0.0,0.0,0.0,0.5,8528,9041
Acc_P35_6th,0.0,0.0,0.0,0.5,8531,9041
Acc_P35_7th,0.0,0.0,0.0,0.5,8532,9038
Acc_P35_8th,0.0,0.0,0.0,0.5,8533,9039
Acc_P35_9th,0.0,0.0,0.0,0.5,8533,9041
Acc_P36_10th,0.0,0.0,0.0,0.5,8526,9037
Acc_P36_1th,0.0,0.0,0.0,0.5,8526,9036
Acc_P36_2th,0.0,0.0,0.0,0.5,8527,9035
Acc_P36_3th,0.0,0.0,0.0,0.5,8526,9037
Acc_P36_4th,0.0,0.0,0.0,0.5,8526,9036
Acc_P36_5th,0.0,0.0,0.0,0.5,8528,9038
Acc_P36_6th,0.0,0.0,0.0,0.5,8524,9032
Acc_P36_7th,0.0,0.0,0.0,0.5,8525,9033
Acc_P36_8th,0.0,0.0,0.0,0.5,8526,9037
Acc_P36_9th,0.0,0.0,0.0,0.5,8528,9035
Acc_P37_10th,0.0,0.0,0.0,0.5,8527,9035
Acc_P37_1th,0.0,0.0,0.0,0.5,8528,9032
Acc_P37_2th,0.0,0.0,0.0,0.5,8528,9031
Acc_P37_3th,0.0,0.0,0.0,0.5,8525,9035
Acc_P37_4th,0.0,0.0,0.0,0.5,8522,9033
Acc_P37_5th,0.0,0.0,0.0,0.5,8523,9033
Acc_P37_6th,0.0,0.0,0.0,0.5,8524,9032
Acc_P37_7th,0.0,0.0,0.0,0.5,8527,9035
Acc_P37_8th,0.0,0.0,0.0,0.5,8527,9034
Acc_P37_9th,0.0,0.0,0.0,0.5,8527,9034
Acc_P3_10th,0.0,0.0,0.0,0.5,8515,8995
Acc_P3_1th,0.0,0.0,0.0,0.5,8552,9054
Acc_P3_2th,0.0,0.0,0.0,0.5,8555,9052
Acc_P3_3th,0.0,0.0,0.0,0.5,8549,9049
Acc_P3_4th,0.0,0.0,0.0,0.5,8548,9040
Acc_P3_5th,0.0,0.0,0.0,0.5,8548,9036
Acc_P3_6th,0.0,0.0,0.0,0.5,8539,9031
Acc_P3_7th,0.0,0.0,0.0,0.5,8535,9027
Acc_P3_8th,0.0,0.0,0.0,0.5,8534,9015
Acc_P3_9th,0.0,0.0,0.0,0.5,8527,9010
Acc_P4_10th,0.0,0.0,0.0,0.5,8529,9009
Acc_P4_1th,0.0,0.0,0.0,0.5,8551,9061
Acc_P4_2th,0.0,0.0,0.0,0.5,8548,9052
Acc_P4_3th,0.0,0.0,0.0,0.5,8553,9048
Acc_P4_4th,0.0,0.0,0.0,0.5,8552,9048
Acc_P4_5th,0.0,0.0,0.0,0.5,8553,9037
Acc_P4_6th,0.0,0.0,0.0,0.5,8548,9040
Acc_P4_7th,0.0,0.0,0.0,0.5,8541,9031
Acc_P4_8th,0.0,0.0,0.0,0.5,8538,9022
Acc_P4_9th,0.0,0.0,0.0,0.5,8535,9016
Acc_P5_10th,0.0,0.0,0.0,0.5,8533,9015
Acc_P5_1th,0.0,0.0,0.0,0.5,8552,9061
Acc_P5_2th,0.0,0.0,0.0,0.5,8551,9064
Acc_P5_3th,0.0,0.0,0.0,0.5,8551,9055
Acc_P5_4th,0.0,0.0,0.0,0.5,8550,9053
Acc_P5_5th,0.0,0.0,0.0,0.5,8548,9050
Acc_P5_6th,0.0,0.0,0.0,0.5,8551,9042
Acc_P5_7th,0.0,0.0,0.0,0.5,8549,9034
Acc_P5_8th,0.0,0.0,0.0,0.5,8543,9030
Acc_P5_9th,0.0,0.0,0.0,0.5,8538,9028
Acc_P6_10th,0.0,0.0,0.0,0.5,8538,9027
Acc_P6_1th,0.0,0.0,0.0,0.5,8545,9065
Acc_P6_2th,0.0,0.0,0.0,0.5,8552,9067
Acc_P6_3th,0.0,0.0,0.0,0.5,8554,9063
Acc_P6_4th,0.0,0.0,0.0,0.5,8551,9057
Acc_P6_5th,0.0,0.0,0.0,0.5,8555,9049
Acc_P6_6th,0.0,0.0,0.0,0.5,8551,9051
Acc_P6_7th,0.0,0.0,0.0,0.5,8546,9044
Acc_P6_8th,0.0,0.0,0.0,0.5,8548,9039
Acc_P6_9th,0.0,0.0,0.0,0.5,8540,9027
Acc_P7_10th,0.0,0.0,0.0,0.5,8539,9030
Acc_P7_1th,0.0,0.0,0.0,0.5,8550,9069
Acc_P7_2th,0.0,0.0,0.0,0.5,8554,9070
Acc_P7_3th,0.0,0.0,0.0,0.5,8555,9065
Acc_P7_4th,0.0,0.0,0.0,0.5,8551,9064
Acc_P7_5th,0.0,0.0,0.0,0.5,8552,9058
Acc_P7_6th,0.0,0.0,0.0,0.5,8552,9052
Acc_P7_7th,0.0,0.0,0.0,0.5,8553,9049
Acc_P7_8th,0.0,0.0,0.0,0.5,8549,9042
Acc_P7_9th,0.0,0.0,0.0,0.5,8547,9040
Acc_P8_10th,0.0,0.0,0.0,0.5,8549,9040
Acc_P8_1th,0.0,0.0,0.0,0.5,8552,9069
Acc_P8_2th,0.0,0.0,0.0,0.5,8551,9068
Acc_P8_3th,0.0,0.0,0.0,0.5,8550,9069
Acc_P8_4th,0.0,0.0,0.0,0.5,8552,9066
Acc_P8_5th,0.0,0.0,0.0,0.5,8551,9060
Acc_P8_6th,0.0,0.0,0.0,0.5,8554,9055
Acc_P8_7th,0.0,0.0,0.0,0.5,8554,9052
Acc_P8_8th,0.0,0.0,0.0,0.5,8552,9049
Acc_P8_9th,0.0,0.0,0.0,0.5,8551,9042
Acc_P9_10th,0.0,0.0,0.0,0.5,8552,9043
Acc_P9_1th,0.0,0.0,0.0,0.5,8552,9072
Acc_P9_2th,0.0,0.0,0.0,0.5,8550,9071
Acc_P9_3th,0.0,0.0,0.0,0.5,8552,9070
Acc_P9_4th,0.0,0.0,0.0,0.5,8554,9068
Acc_P9_5th,0.0,0.0,0.0,0.5,8552,9068
Acc_P9_6th,0.0,0.0,0.0,0.5,8552,9060
Acc_P9_7th,0.0,0.0,0.0,0.5,8554,9056
Acc_P9_8th,0.0,0.0,0.0,0.5,8554,9052
Acc_P9_9th,0.0,0.0,0.0,0.5,8551,9049
