feature,auc,auc_abs,pos_mean,neg_mean,pos_std,neg_std,pos_unique,neg_unique
i_19,0.26593406593406593,0.7340659340659341,-0.5584617853164673,0.5500766038894653,1.181594967842102,1.1920928955078125e-07,2,1
miRNAPairingCount_Total_GU,0.26798603429537493,0.7320139657046251,-0.4078723192214966,0.40313196182250977,0.834679901599884,1.0011392831802368,9,11
i_18,0.29725274725274725,0.7027472527472527,-0.509993851184845,0.5016927123069763,1.2249869108200073,0.0,2,1
miRNAPairingCount_Seed_GU,0.298188195870064,0.7018118041299359,-0.36885538697242737,0.3702554702758789,0.8008325099945068,1.0563843250274658,5,6
i_17,0.3,0.7,-0.5004722476005554,0.4997853636741638,1.2250604629516602,2.9802322387695312e-08,2,1
i_20,0.6973076923076923,0.6973076923076923,0.4985736310482025,-0.4945327043533325,1.2300546169281006,8.940696716308594e-08,2,1
miRNAPairingCount_X3p_bulge_nt,0.6860120335708247,0.6860120335708247,0.33187136054039,-0.3359846770763397,1.0698139667510986,0.7887114882469177,18,16
i_16,0.31675824175824174,0.6832417582417583,-0.47070902585983276,0.4749622642993927,1.2433459758758545,8.940696716308594e-08,2,1
num_of_pairs,0.3182188443424707,0.6817811556575293,-0.32712486386299133,0.3272409737110138,1.0633695125579834,0.8042643666267395,19,17
i_8,0.3210989010989011,0.6789010989010988,-0.4690849781036377,0.4657672345638275,1.252436876296997,5.960464477539063e-08,2,1
i_15,0.3220879120879121,0.6779120879120879,-0.46585991978645325,0.46491768956184387,1.252363681793213,5.960464477539063e-08,2,1
i_0,0.6770879120879121,0.6770879120879121,0.4563019871711731,-0.46722233295440674,1.2470850944519043,5.960464477539063e-08,2,1
i_9,0.32357142857142857,0.6764285714285714,-0.4586523473262787,0.4646749496459961,1.2504210472106934,8.940696716308594e-08,2,1
i_10,0.3280769230769231,0.6719230769230768,-0.45083510875701904,0.45773980021476746,1.2551090717315674,8.940696716308594e-08,2,1
miRNAPairingCount_Total_bulge_nt,0.6713853097451998,0.6713853097451998,0.3062632381916046,-0.3075782060623169,1.0542993545532227,0.8318907022476196,21,18
i_11,0.3315934065934066,0.6684065934065935,-0.4516685903072357,0.44930073618888855,1.2642511129379272,8.940696716308594e-08,2,1
MRNA_Target_G_comp,0.3320922110856177,0.6679077889143823,-0.2876494526863098,0.28935104608535767,0.9280393123626709,0.9875130653381348,302,345
i_12,0.33489010989010987,0.6651098901098902,-0.4524156451225281,0.4414263963699341,1.2729912996292114,5.960464477539063e-08,2,1
i_14,0.335,0.665,-0.43741464614868164,0.4475822150707245,1.2610206604003906,2.9802322387695312e-08,2,1
HotPairingMirna_he_P1_L2,0.6617582417582417,0.6617582417582417,0.32448670268058777,-0.3283674120903015,0.9909372925758362,0.8965952396392822,2,2
i_13,0.3451098901098901,0.6548901098901099,-0.4256436824798584,0.4291476905345917,1.275930404663086,2.9802322387695312e-08,2,1
miRNAPairingCount_X3p_GU,0.35271228112546793,0.6472877188745321,-0.2623899579048157,0.2551386058330536,0.8960469365119934,1.0287156105041504,8,9
i_1,0.3537912087912088,0.6462087912087913,-0.417473167181015,0.41231057047843933,1.290778398513794,2.9802322387695312e-08,2,1
MRNA_Target_GG_comp,0.35420600169061706,0.645793998309383,-0.23548728227615356,0.23518431186676025,0.8701607584953308,1.0637919902801514,197,241
Acc_P21_10th,0.6255268143943968,0.6255268143943968,0.15851423144340515,-0.14524857699871063,1.1290127038955688,0.840964138507843,8538,9004
Acc_P26_9th,0.6247478565390653,0.6247478565390653,0.17666874825954437,-0.1559811681509018,1.1262084245681763,0.8561490774154663,8543,9040
Acc_P27_10th,0.6240908585919575,0.6240908585919575,0.16991564631462097,-0.15187610685825348,1.1368660926818848,0.843816876411438,8537,9023
Acc_P25_8th,0.6233962746045164,0.6233962746045164,0.18198983371257782,-0.16119901835918427,1.1173878908157349,0.8619727492332458,8543,9049
Acc_P27_9th,0.6233786559594252,0.6233786559594252,0.1748265027999878,-0.16024762392044067,1.1244767904281616,0.8436471223831177,8542,9038
Acc_P26_10th,0.6231280521676126,0.6231280521676126,0.15739278495311737,-0.14543284475803375,1.1164087057113647,0.8536015152931213,8539,9022
Acc_P20_10th,0.6230357625890592,0.6230357625890592,0.1556272804737091,-0.1470123827457428,1.1270627975463867,0.8419380187988281,8537,9001
Energy_MEF_local_target,0.6229275147928994,0.6229275147928994,0.2216838300228119,-0.203377366065979,0.9354487061500549,1.0192161798477173,581,633
Acc_P25_9th,0.6228887090931047,0.6228887090931047,0.1662701517343521,-0.15216945111751556,1.116208553314209,0.8551823496818542,8546,9034
Acc_P12_10th,0.6228769291148412,0.6228769291148412,0.15613919496536255,-0.14211109280586243,1.1181306838989258,0.8748387694358826,8540,9006
Acc_P26_8th,0.6227717123535805,0.6227717123535805,0.17802315950393677,-0.16550308465957642,1.1098846197128296,0.8548016548156738,8546,9046
Acc_P13_10th,0.6226795918367347,0.6226795918367347,0.14954160153865814,-0.1394544541835785,1.1149529218673706,0.8704022169113159,8543,9000
Energy_MEF_local_target_normalized,0.6226771887453206,0.6226771887453206,0.2185395359992981,-0.20462265610694885,0.9411569237709045,1.0137304067611694,2618,2836
Acc_P11_10th,0.6222994626252868,0.6222994626252868,0.15660780668258667,-0.14438208937644958,1.1148022413253784,0.879422664642334,8540,9007
Acc_P25_7th,0.6221030672624079,0.6221030672624079,0.18360869586467743,-0.16995948553085327,1.0992285013198853,0.8679989576339722,8549,9064
Acc_P22_10th,0.6215541540876706,0.6215541540876706,0.15380443632602692,-0.133413627743721,1.1236480474472046,0.8640315532684326,8541,9005
Acc_P24_7th,0.6212342772612003,0.6212342772612003,0.18518179655075073,-0.16587936878204346,1.1076619625091553,0.8697417974472046,8550,9050
Acc_P28_10th,0.6205779193334139,0.6205779193334139,0.1689923107624054,-0.15037046372890472,1.1315609216690063,0.8402760028839111,8529,9022
Acc_P12_9th,0.6202711870547035,0.6202711870547035,0.15899893641471863,-0.14657999575138092,1.1133220195770264,0.8695592880249023,8542,9038
Acc_P24_8th,0.6193814817051081,0.6193814817051081,0.16956527531147003,-0.1544370800256729,1.1103602647781372,0.8653224110603333,8549,9053
Acc_P25_10th,0.6193062975486052,0.6193062975486052,0.15367093682289124,-0.13772986829280853,1.122885823249817,0.8584322929382324,8542,9013
Acc_P24_6th,0.6189007849293564,0.6189007849293564,0.18621186912059784,-0.17135736346244812,1.0891441106796265,0.8825430870056152,8551,9070
Acc_P10_10th,0.6188985025963047,0.6188985025963047,0.15439146757125854,-0.13920685648918152,1.1154670715332031,0.8859604001045227,8543,9006
Acc_P13_9th,0.6184583323270136,0.6184583323270136,0.15098199248313904,-0.1430547535419464,1.10832941532135,0.8722314238548279,8547,9035
Acc_P11_9th,0.6182166405023548,0.6182166405023548,0.15942516922950745,-0.14950047433376312,1.1124030351638794,0.8732961416244507,8543,9024
Acc_P9_10th,0.6179077164593648,0.6179077164593648,0.15445104241371155,-0.13214635848999023,1.1137157678604126,0.9001196622848511,8537,9001
Acc_P14_10th,0.6179071066296341,0.6179071066296341,0.14512521028518677,-0.13551531732082367,1.120082974433899,0.8742907643318176,8546,9004
Acc_P8_10th,0.6174895906291511,0.6174895906291511,0.14895731210708618,-0.12697210907936096,1.106479525566101,0.911123514175415,8538,8999
Acc_P23_10th,0.6174361550537375,0.6174361550537375,0.1495782434940338,-0.1270189881324768,1.1237373352050781,0.8792110681533813,8545,8998
Acc_P24_10th,0.6173783299118464,0.6173783299118464,0.15367160737514496,-0.13289372622966766,1.1300756931304932,0.8660332560539246,8543,9015
Acc_P19_10th,0.6172578009902185,0.6172578009902185,0.15168452262878418,-0.13995026051998138,1.1328752040863037,0.8510705232620239,8531,9003
Acc_P21_9th,0.6171832145876102,0.6171832145876102,0.15540751814842224,-0.1366206705570221,1.1166832447052002,0.8679935932159424,8549,9041
HotPairingMirna_he_P1_L3,0.3829120879120879,0.617087912087912,-0.3235010802745819,0.3038264513015747,0.5646165609359741,1.203818917274475,2,2
Acc_P23_6th,0.6168491607293806,0.6168491607293806,0.18383626639842987,-0.16316504776477814,1.089868187904358,0.8938758969306946,8551,9066
miRNAMatchPosition_5,0.3831845248158435,0.6168154751841566,-0.19967930018901825,0.18047559261322021,0.8958456516265869,1.0533175468444824,4,4
HotPairingMirna_he_P5_L3,0.6167582417582418,0.6167582417582418,0.2515566051006317,-0.24021677672863007,1.0500640869140625,0.8853585124015808,2,2
Acc_P24_9th,0.61657216519744,0.61657216519744,0.1598443239927292,-0.1423303484916687,1.1227447986602783,0.8645983338356018,8548,9033
i_21,0.6162637362637363,0.6162637362637363,0.36804014444351196,-0.36061733961105347,1.323785662651062,2.9802322387695312e-08,2,1
Acc_P10_9th,0.6161625528317836,0.6161625528317836,0.15749439597129822,-0.14433974027633667,1.1097736358642578,0.8828616142272949,8545,9017
Acc_P20_9th,0.6161436118826229,0.6161436118826229,0.1535603553056717,-0.14193400740623474,1.1170047521591187,0.8561244606971741,8547,9024
Acc_P12_8th,0.61503186209395,0.61503186209395,0.15728682279586792,-0.14698539674282074,1.099650502204895,0.8791149258613586,8549,9051
Acc_P7_10th,0.6150111218451878,0.6150111218451878,0.14500853419303894,-0.12144801020622253,1.102462649345398,0.9210065603256226,8529,8978
Acc_P22_9th,0.6149949341866924,0.6149949341866924,0.15312090516090393,-0.12798579037189484,1.1175847053527832,0.883070707321167,8546,9042
Acc_P27_8th,0.6149697258785171,0.6149697258785171,0.16906249523162842,-0.15428690612316132,1.1102222204208374,0.8636130690574646,8546,9055
Acc_P11_8th,0.6147413959666707,0.6147413959666707,0.15978963673114777,-0.15364505350589752,1.1033167839050293,0.8722550868988037,8549,9046
Acc_P26_7th,0.6145901763072092,0.6145901763072092,0.1717149317264557,-0.16056111454963684,1.0971815586090088,0.8722478151321411,8550,9058
Acc_P23_7th,0.614511900736626,0.614511900736626,0.17048417031764984,-0.15077614784240723,1.1001912355422974,0.8840317130088806,8544,9061
Acc_P23_5th,0.6140629815239705,0.6140629815239705,0.18370969593524933,-0.1679525524377823,1.069340467453003,0.9091087579727173,8550,9069
Acc_P28_9th,0.613888817775631,0.613888817775631,0.16539831459522247,-0.1476520299911499,1.121464729309082,0.8529406189918518,8535,9040
Acc_P22_5th,0.6135446564424586,0.6135446564424586,0.18546271324157715,-0.15690548717975616,1.071505069732666,0.9157724380493164,8554,9070
Acc_P14_9th,0.613445537978505,0.613445537978505,0.15015695989131927,-0.13881565630435944,1.121324062347412,0.8690756559371948,8545,9031
Acc_P23_9th,0.6133508090810289,0.6133508090810289,0.1514817178249359,-0.12976475059986115,1.1178832054138184,0.8836528062820435,8546,9039
Acc_P7_9th,0.6132124864146842,0.6132124864146842,0.1496221423149109,-0.12793974578380585,1.0975030660629272,0.9181745052337646,8539,9014
Acc_P9_9th,0.6131149861127884,0.6131149861127884,0.15459135174751282,-0.13776719570159912,1.1051974296569824,0.8972401022911072,8544,9022
Acc_P25_6th,0.6130977840840478,0.6130977840840478,0.17620857059955597,-0.16308365762233734,1.0832431316375732,0.88800448179245,8549,9064
Acc_P8_9th,0.6129148895060983,0.6129148895060983,0.154655322432518,-0.13175024092197418,1.1064329147338867,0.9087332487106323,8544,9009
Acc_P13_8th,0.6127810590508392,0.6127810590508392,0.1531708687543869,-0.14311785995960236,1.1040327548980713,0.8798544406890869,8546,9044
miRNAPairingCount_X3p_GC,0.3872743569617196,0.6127256430382804,-0.2031654566526413,0.2078014463186264,1.016074776649475,0.9312217831611633,12,14
Acc_P29_10th,0.6126929658253835,0.6126929658253835,0.1570671945810318,-0.1390964537858963,1.122537612915039,0.8511542081832886,8532,9030
Acc_P15_10th,0.612601823451274,0.612601823451274,0.14184734225273132,-0.13286125659942627,1.1249390840530396,0.8676089644432068,8536,9013
Acc_P6_10th,0.6118884011592802,0.6118884011592802,0.14344671368598938,-0.11494822055101395,1.1023459434509277,0.9297538995742798,8524,8977
Acc_P22_6th,0.6118538099263374,0.6118538099263374,0.1725679636001587,-0.14868904650211334,1.0875346660614014,0.8994101881980896,8553,9067
Acc_P23_8th,0.61181823451274,0.61181823451274,0.16058127582073212,-0.13686025142669678,1.1135996580123901,0.8879048228263855,8546,9050
Acc_P18_10th,0.6117166586161091,0.6117166586161091,0.14591240882873535,-0.13462693989276886,1.1373217105865479,0.8562813401222229,8532,9009
Acc_P22_8th,0.6112241335587489,0.6112241335587489,0.15380726754665375,-0.13134126365184784,1.1056585311889648,0.8887577652931213,8547,9052
Acc_P19_9th,0.6111413657770801,0.6111413657770801,0.14994019269943237,-0.13864631950855255,1.118901252746582,0.8638198971748352,8543,9031
Acc_P24_5th,0.6108379302016664,0.6108379302016664,0.1788972020149231,-0.16487498581409454,1.0688749551773071,0.9085835814476013,8548,9065
Acc_P10_8th,0.6107816145393068,0.6107816145393068,0.15627066791057587,-0.14678727090358734,1.1008434295654297,0.881248414516449,8548,9040
Acc_P22_4th,0.6104353520106267,0.6104353520106267,0.18586605787277222,-0.1612756997346878,1.0482805967330933,0.9333874583244324,8554,9072
Acc_P6_9th,0.6099329851467215,0.6099329851467215,0.14918798208236694,-0.120806023478508,1.1029411554336548,0.9246947765350342,8533,8998
Acc_P21_4th,0.6097427243086584,0.6097427243086584,0.18350884318351746,-0.15781620144844055,1.0490185022354126,0.9328758120536804,8552,9077
Acc_P22_7th,0.6095463651732882,0.6095463651732882,0.16302490234375,-0.1377333700656891,1.1016883850097656,0.8951345682144165,8551,9062
Acc_P21_8th,0.6094368735659944,0.6094368735659944,0.15051496028900146,-0.12744586169719696,1.1035858392715454,0.8964316844940186,8547,9061
Acc_P11_7th,0.6094081451515517,0.6094081451515517,0.15462863445281982,-0.15038594603538513,1.0865646600723267,0.8906265497207642,8551,9058
Acc_P12_7th,0.609258447047458,0.609258447047458,0.15989011526107788,-0.14602398872375488,1.0960816144943237,0.8877480030059814,8550,9060
Acc_P9_8th,0.6092395725153967,0.6092395725153967,0.15426005423069,-0.1407281458377838,1.095380187034607,0.8986011743545532,8549,9040
Acc_P21_3th,0.6087085798816568,0.6087085798816568,0.18742474913597107,-0.16708815097808838,1.0267788171768188,0.9497760534286499,8549,9076
Acc_P16_10th,0.6085756068107716,0.6085756068107716,0.1404305249452591,-0.1279107928276062,1.1337628364562988,0.8667139410972595,8534,9002
Acc_P5_10th,0.6085683733848569,0.6085683733848569,0.13699662685394287,-0.11260028183460236,1.0922613143920898,0.9242462515830994,8522,8966
Acc_P7_8th,0.6085356357927787,0.6085356357927787,0.152237206697464,-0.13291536271572113,1.0929737091064453,0.9149574041366577,8546,9029
Acc_P13_7th,0.608489777804613,0.608489777804613,0.15442383289337158,-0.14165621995925903,1.0950933694839478,0.8927406072616577,8549,9058
Acc_P6_8th,0.608335895423258,0.608335895423258,0.1528845727443695,-0.128334641456604,1.0933008193969727,0.9204424023628235,8545,9027
Acc_P15_9th,0.608031717183915,0.608031717183915,0.14189954102039337,-0.13155078887939453,1.1190235614776611,0.8752732872962952,8539,9036
Acc_P5_9th,0.6079971078372177,0.6079971078372177,0.144419863820076,-0.12049906700849533,1.0938529968261719,0.9190265536308289,8528,8999
Acc_P17_10th,0.6079619913053979,0.6079619913053979,0.1428171545267105,-0.1331314891576767,1.1436781883239746,0.8564318418502808,8534,9003
Acc_P21_5th,0.6076848629392585,0.6076848629392585,0.17086277902126312,-0.14858905971050262,1.0684314966201782,0.9161956310272217,8553,9074
Acc_P14_8th,0.6075309503683131,0.6075309503683131,0.14950138330459595,-0.13311032950878143,1.1111915111541748,0.8890610337257385,8549,9047
i_7,0.39252747252747255,0.6074725274725274,-0.3414778411388397,0.3491673171520233,1.3199005126953125,2.9802322387695312e-08,2,1
Acc_P8_8th,0.6074638630600169,0.6074638630600169,0.15206587314605713,-0.13704119622707367,1.0921063423156738,0.9107100963592529,8545,9029
Acc_P18_9th,0.6070845429295979,0.6070845429295979,0.14418597519397736,-0.13417500257492065,1.1238107681274414,0.8680353760719299,8541,9044
Acc_P28_8th,0.6068550175099625,0.6068550175099625,0.1617359071969986,-0.14235489070415497,1.1002708673477173,0.8771280646324158,8542,9051
Acc_P20_8th,0.6066201364569497,0.6066201364569497,0.1451941728591919,-0.12919144332408905,1.098678708076477,0.8878095149993896,8550,9058
Acc_P27_7th,0.60624519985509,0.60624519985509,0.16151054203510284,-0.14655520021915436,1.0854171514511108,0.8911691904067993,8543,9055
Acc_P4_10th,0.6061868796039126,0.6061868796039126,0.13523903489112854,-0.11109407246112823,1.0901471376419067,0.9314979910850525,8517,8982
Acc_P4_9th,0.6061787042627702,0.6061787042627702,0.1432051658630371,-0.12088148295879364,1.0907388925552368,0.9194818139076233,8525,8995
Acc_P10_7th,0.6060440647264823,0.6060440647264823,0.15427502989768982,-0.15020176768302917,1.0895036458969116,0.8830927014350891,8548,9057
Acc_P21_7th,0.6059459123294288,0.6059459123294288,0.15122517943382263,-0.1291300505399704,1.0911210775375366,0.9071086645126343,8549,9064
Acc_P29_9th,0.6056249305639415,0.6056249305639415,0.15290366113185883,-0.13607445359230042,1.1047512292861938,0.8683163523674011,8532,9037
Acc_P26_6th,0.6052841565028378,0.6052841565028378,0.16464877128601074,-0.150660440325737,1.0737454891204834,0.9038758873939514,8549,9062
Acc_P4_8th,0.6050455560922594,0.6050455560922594,0.15002325177192688,-0.12800832092761993,1.0907800197601318,0.9157385230064392,8535,9012
Acc_P21_6th,0.604896878396329,0.604896878396329,0.1594681590795517,-0.13518817722797394,1.0812737941741943,0.9145568609237671,8551,9076
Acc_P5_8th,0.6043987863784567,0.6043987863784567,0.14675958454608917,-0.12276972085237503,1.0889168977737427,0.9218725562095642,8541,9006
Acc_P23_4th,0.604361375437749,0.604361375437749,0.17220439016819,-0.15956218540668488,1.0459133386611938,0.9357802271842957,8548,9068
Acc_P30_10th,0.604120492694119,0.604120492694119,0.1477523297071457,-0.12996754050254822,1.1174606084823608,0.8630659580230713,8526,9028
Acc_P25_5th,0.604099136577708,0.604099136577708,0.17093157768249512,-0.15505585074424744,1.062537670135498,0.914497971534729,8546,9065
Acc_P5_7th,0.6037981463591354,0.6037981463591354,0.1518571972846985,-0.13103072345256805,1.0808686017990112,0.9198951125144958,8547,9027
MRNA_Target_A_comp,0.6033495048907137,0.6033495048907137,0.1863144189119339,-0.1820594221353531,1.031800389289856,0.9413129687309265,252,252
Acc_P12_6th,0.6032741697862577,0.6032741697862577,0.15495364367961884,-0.14348678290843964,1.0799493789672852,0.9039517045021057,8553,9065
Acc_P6_7th,0.6032642615626133,0.6032642615626133,0.15418437123298645,-0.13207627832889557,1.086482286453247,0.9190298914909363,8540,9035
Acc_P17_9th,0.6030286076560801,0.6030286076560801,0.13642168045043945,-0.1293334662914276,1.1203892230987549,0.8738784193992615,8546,9043
Acc_P7_7th,0.6029941613331723,0.6029941613331723,0.1468965709209442,-0.1347256302833557,1.0750328302383423,0.9245894551277161,8549,9038
Acc_P9_7th,0.6027048061828282,0.6027048061828282,0.15091779828071594,-0.13946838676929474,1.0847477912902832,0.9030951261520386,8552,9046
Acc_P21_2th,0.6025701666465403,0.6025701666465403,0.1842668503522873,-0.1620994657278061,1.0045249462127686,0.9748163819313049,8551,9071
Acc_P8_7th,0.6025009781427364,0.6025009781427364,0.1509576439857483,-0.13588650524616241,1.0818525552749634,0.9187947511672974,8550,9045
Acc_P16_9th,0.602342706194904,0.602342706194904,0.13770097494125366,-0.12871836125850677,1.124535083770752,0.8740357756614685,8542,9037
Acc_P22_3th,0.6022948436179205,0.6022948436179205,0.17812363803386688,-0.15584127604961395,1.026261329650879,0.9559378027915955,8551,9070
Acc_P11_6th,0.602217322787103,0.602217322787103,0.1562921553850174,-0.1428505927324295,1.0788246393203735,0.9083885550498962,8547,9066
Acc_P4_7th,0.6015726603067263,0.6015726603067263,0.1536259651184082,-0.13114850223064423,1.087273120880127,0.9181644320487976,8535,9025
Acc_P19_8th,0.6014843497162179,0.6014843497162179,0.14150390028953552,-0.1282239556312561,1.100102186203003,0.8848174810409546,8546,9055
Acc_P3_9th,0.601353791812583,0.601353791812583,0.13824452459812164,-0.11667610704898834,1.08925461769104,0.9177813529968262,8520,8984
Acc_P3_10th,0.6009371030068832,0.6009371030068832,0.12761899828910828,-0.10267795622348785,1.0825051069259644,0.9373282790184021,8500,8963
Acc_P3_8th,0.6002101497403696,0.6002101497403696,0.14222456514835358,-0.12414783984422684,1.0828484296798706,0.9123224020004272,8529,8997
Acc_P15_8th,0.6001397053495955,0.6001397053495955,0.13796277344226837,-0.12988178431987762,1.1101723909378052,0.8882696032524109,8552,9041
MRNA_Target_UA_comp,0.5999879966187659,0.5999879966187659,0.17481429874897003,-0.18290728330612183,1.075594425201416,0.86925208568573,122,108
HotPairingMirna_he_P2_L1,0.5997802197802198,0.5997802197802198,0.21771042048931122,-0.21166807413101196,1.0608168840408325,0.8872771263122559,2,2
Acc_P24_4th,0.5996031034899166,0.5996031034899166,0.16642220318317413,-0.15302786231040955,1.0417062044143677,0.938298225402832,8548,9064
Acc_P4_6th,0.5990445900253593,0.5990445900253593,0.1538344919681549,-0.13350389897823334,1.0729858875274658,0.9268381595611572,8548,9033
Acc_P14_7th,0.5990214164955924,0.5990214164955924,0.14500786364078522,-0.13168545067310333,1.1011561155319214,0.9004321098327637,8551,9060
Acc_P3_7th,0.5989129332206256,0.5989129332206256,0.14808304607868195,-0.13038921356201172,1.0812392234802246,0.9114151000976562,8531,9019
Acc_P18_8th,0.5989115928028016,0.5989115928028016,0.1356050968170166,-0.12963058054447174,1.1014370918273926,0.8817098736763,8547,9051
Acc_P10_6th,0.5988045163627581,0.5988045163627581,0.14329831302165985,-0.142891526222229,1.0694907903671265,0.9120641946792603,8552,9065
Acc_P13_6th,0.5984369822485207,0.5984369822485207,0.14837397634983063,-0.1367000788450241,1.0827724933624268,0.9124513864517212,8551,9065
Acc_P20_7th,0.5978055911121846,0.5978055911121846,0.13554584980010986,-0.117757149040699,1.0823321342468262,0.9170747399330139,8549,9067
Acc_P5_6th,0.5977881837942277,0.5977881837942277,0.15216568112373352,-0.13089852035045624,1.071812629699707,0.9265731573104858,8551,9041
Acc_P2_10th,0.5972263615505373,0.5972263615505373,0.11896990239620209,-0.09339292347431183,1.0728336572647095,0.9516634941101074,8500,8939
Acc_P7_6th,0.5970548967516001,0.5970548967516001,0.1435243934392929,-0.13107603788375854,1.062947392463684,0.9382838606834412,8549,9044
Acc_P17_8th,0.5965609225938896,0.5965609225938896,0.13088564574718475,-0.12352988123893738,1.1022083759307861,0.8940860033035278,8544,9055
Acc_P16_8th,0.5965017932616834,0.5965017932616834,0.12881140410900116,-0.1237848773598671,1.1000287532806396,0.8932498693466187,8546,9051
Acc_P2_8th,0.5963154932979109,0.5963154932979109,0.1368582844734192,-0.11508165299892426,1.0769721269607544,0.928602933883667,8524,8993
Acc_P2_9th,0.5961707583625167,0.5961707583625167,0.12758073210716248,-0.10290900617837906,1.0745006799697876,0.9379264712333679,8515,8982
Acc_P6_6th,0.5961348267117498,0.5961348267117498,0.1454463005065918,-0.1307636946439743,1.0660641193389893,0.9326112270355225,8551,9045
Acc_P9_6th,0.5956427967636759,0.5956427967636759,0.14444974064826965,-0.13996775448322296,1.0715636014938354,0.9077008962631226,8552,9057
Acc_P23_3th,0.595419580968482,0.595419580968482,0.16328851878643036,-0.1521519422531128,1.023758053779602,0.9580852389335632,8549,9068
Acc_P20_3th,0.5951823753169907,0.5951823753169907,0.16335298120975494,-0.14057688415050507,1.0256874561309814,0.9576906561851501,8551,9074
miRNAMatchPosition_1,0.595065354425794,0.595065354425794,0.19024157524108887,-0.16835127770900726,0.8770731091499329,1.074394702911377,4,4
MRNA_Target_AA_comp,0.5949322243690376,0.5949322243690376,0.17547711730003357,-0.16720455884933472,1.0985490083694458,0.8690717816352844,153,139
Acc_P22_2th,0.5946137423016544,0.5946137423016544,0.17044401168823242,-0.14866773784160614,1.002752661705017,0.9774031043052673,8552,9069
Acc_P20_2th,0.5942665137060742,0.5942665137060742,0.16674768924713135,-0.14854107797145844,1.00322425365448,0.9752928018569946,8553,9074
Acc_P2_7th,0.5941677997826349,0.5941677997826349,0.14127980172634125,-0.12108384817838669,1.0725619792938232,0.9247647523880005,8532,9008
Acc_P11_5th,0.5941504649196957,0.5941504649196957,0.1471444070339203,-0.13613076508045197,1.060693383216858,0.9268201589584351,8553,9070
Acc_P15_7th,0.5940100712474339,0.5940100712474339,0.12817440927028656,-0.1254572868347168,1.0847358703613281,0.9092243313789368,8550,9063
Acc_P4_5th,0.5937625407559474,0.5937625407559474,0.1527567207813263,-0.1339571475982666,1.0606164932250977,0.9351681470870972,8553,9036
Acc_P3_6th,0.593678408404782,0.593678408404782,0.14856228232383728,-0.13082100450992584,1.0752172470092773,0.9207176566123962,8539,9028
Acc_P12_5th,0.5936510022944089,0.5936510022944089,0.14796961843967438,-0.13756924867630005,1.0671570301055908,0.9236453771591187,8554,9064
Acc_P8_6th,0.593638914382321,0.593638914382321,0.14020486176013947,-0.12882281839847565,1.062785267829895,0.9327484965324402,8552,9051
Acc_P20_4th,0.5934144245864026,0.5934144245864026,0.14974869787693024,-0.13299399614334106,1.0443363189697266,0.9432663917541504,8551,9074
Acc_P20_6th,0.5925754619007366,0.5925754619007366,0.13072988390922546,-0.11322321742773056,1.0635337829589844,0.9362202286720276,8548,9071
Acc_P13_5th,0.5920432375316991,0.5920432375316991,0.13959607481956482,-0.13445931673049927,1.0612670183181763,0.9283652901649475,8551,9070
Acc_P14_6th,0.5915778046129695,0.5915778046129695,0.13411083817481995,-0.12700489163398743,1.0777051448822021,0.9176865220069885,8551,9060
Acc_P28_7th,0.5915672020287405,0.5915672020287405,0.13966886699199677,-0.12539497017860413,1.0733240842819214,0.9149624705314636,8542,9052
Acc_P3_5th,0.5915258543654148,0.5915258543654148,0.1500077098608017,-0.13196325302124023,1.060655117034912,0.9340931177139282,8548,9036
Acc_P2_6th,0.5913557058326289,0.5913557058326289,0.14517858624458313,-0.12695804238319397,1.0698182582855225,0.9228936433792114,8539,9017
Acc_P1_10th,0.5912989373264098,0.5912989373264098,0.10982473194599152,-0.08631377667188644,1.0697646141052246,0.9479190707206726,8491,8936
Acc_P10_5th,0.5912390230648472,0.5912390230648472,0.14064469933509827,-0.13225004076957703,1.057672142982483,0.9334121942520142,8554,9067
Acc_P1_9th,0.5908803284627461,0.5908803284627461,0.11979611217975616,-0.09360939264297485,1.0702036619186401,0.9459390640258789,8507,8958
Acc_P19_7th,0.5908455621301775,0.5908455621301775,0.1290801763534546,-0.11182711273431778,1.0785930156707764,0.9183149933815002,8553,9068
Acc_P20_5th,0.5907342289578553,0.5907342289578553,0.1366426795721054,-0.11845661699771881,1.0552277565002441,0.9421775937080383,8553,9075
Acc_P29_8th,0.5904118222436904,0.5904118222436904,0.13714908063411713,-0.12078476697206497,1.0854510068893433,0.9016572833061218,8532,9052
Acc_P30_9th,0.5902560982973071,0.5902560982973071,0.13601016998291016,-0.11628592014312744,1.1042062044143677,0.8943823575973511,8529,9043
Acc_P6_5th,0.5901276778166888,0.5901276778166888,0.14109393954277039,-0.1254318654537201,1.053216814994812,0.9500677585601807,8555,9047
Acc_P16_7th,0.5897699190918971,0.5897699190918971,0.12177537381649017,-0.11628182232379913,1.0782549381256104,0.9143233895301819,8551,9057
Acc_P27_6th,0.5897286136939983,0.5897286136939983,0.13814522325992584,-0.12913431227207184,1.0596741437911987,0.9255085587501526,8548,9061
Acc_P1_8th,0.5894327315541601,0.5894327315541601,0.12525169551372528,-0.10059560835361481,1.0672600269317627,0.9397657513618469,8514,8982
Acc_P21_1th,0.5893491003501993,0.5893491003501993,0.1658933460712433,-0.1432066410779953,0.9760512113571167,1.0020595788955688,8550,9071
Acc_P1_7th,0.5893323451274001,0.5893323451274001,0.13062424957752228,-0.10819492489099503,1.06325364112854,0.9402275681495667,8521,9005
Acc_P5_5th,0.5891671537253955,0.5891671537253955,0.13920751214027405,-0.12827588617801666,1.0501530170440674,0.9423435926437378,8546,9047
Acc_P18_7th,0.5890022762951335,0.5890022762951335,0.12546931207180023,-0.1193227544426918,1.0810317993164062,0.9017137885093689,8554,9067
Acc_P31_10th,0.5886515517449583,0.5886515517449583,0.12834692001342773,-0.10818099230527878,1.1077709197998047,0.900212824344635,8527,9028
Acc_P26_5th,0.5886011290906895,0.5886011290906895,0.13942816853523254,-0.13521301746368408,1.0493189096450806,0.9314903616905212,8547,9064
miRNAPairingCount_Seed_AU,0.5884559715010265,0.5884559715010265,0.1568738967180252,-0.1624116152524948,1.0347014665603638,0.9473884701728821,9,8
Energy_MEF_3p,0.5884428269532666,0.5884428269532666,0.16448858380317688,-0.1541277915239334,0.793432891368866,1.1338176727294922,104,122
Acc_P2_5th,0.5876789397415771,0.5876789397415771,0.14607000350952148,-0.12913668155670166,1.0619819164276123,0.9337489008903503,8537,9024
Acc_P9_5th,0.5875926699673952,0.5875926699673952,0.13466311991214752,-0.1333402842283249,1.0559014081954956,0.9292694330215454,8551,9065
Acc_P7_5th,0.587498943364328,0.587498943364328,0.13341312110424042,-0.12424654513597488,1.0463695526123047,0.9497412443161011,8550,9057
Acc_P17_7th,0.5874597874652819,0.5874597874652819,0.12173200398683548,-0.11755845695734024,1.083878517150879,0.9062209725379944,8549,9061
Acc_P12_4th,0.5869580787344524,0.5869580787344524,0.13747887313365936,-0.13318340480327606,1.0446200370788574,0.9467613697052002,8549,9071
Acc_P25_4th,0.5865746528197078,0.5865746528197078,0.14216464757919312,-0.13800549507141113,1.0383410453796387,0.9453358054161072,8547,9066
Acc_P15_6th,0.5857208127037797,0.5857208127037797,0.11962945759296417,-0.11749636381864548,1.065101146697998,0.9266817569732666,8553,9068
Acc_P1_6th,0.5855499698104094,0.5855499698104094,0.1348143368959427,-0.11433067917823792,1.0585039854049683,0.936083197593689,8530,9012
Acc_P13_4th,0.5851551080787345,0.5851551080787345,0.13453780114650726,-0.1252620667219162,1.0409471988677979,0.9524205327033997,8552,9066
HotPairingMirna_he_P9_L2,0.5848351648351648,0.5848351648351648,0.17854996025562286,-0.17551785707473755,1.0365628004074097,0.9298690557479858,2,2
Acc_P8_5th,0.5847888298514672,0.5847888298514672,0.13226471841335297,-0.12585225701332092,1.0514975786209106,0.9375330805778503,8551,9058
HotPairingMirna_he_P5_L2,0.4157142857142857,0.5842857142857143,-0.21221007406711578,0.20197992026805878,0.8075163960456848,1.1169096231460571,2,2
HotPairingMirna_he_P4_L2,0.41626373626373625,0.5837362637362637,-0.1839906871318817,0.20277054607868195,0.8681551218032837,1.0922560691833496,2,2
Acc_P3_4th,0.5835735841081995,0.5835735841081995,0.14318935573101044,-0.12640899419784546,1.0462584495544434,0.9475007653236389,8548,9040
Acc_P11_4th,0.5834685001811375,0.5834685001811375,0.13486921787261963,-0.12780657410621643,1.0437496900558472,0.9449734687805176,8552,9071
Acc_P14_5th,0.5834582598719962,0.5834582598719962,0.12538756430149078,-0.11868596076965332,1.0573021173477173,0.9392793774604797,8554,9064
miRNAMatchPosition_9,0.5831334862939258,0.5831334862939258,0.14978234469890594,-0.14571072161197662,1.0178611278533936,0.9609130024909973,4,4
Acc_P5_4th,0.5829262890955199,0.5829262890955199,0.13592170178890228,-0.11946529150009155,1.0380065441131592,0.9669541120529175,8550,9050
Acc_P1_5th,0.5828918488105301,0.5828918488105301,0.14012965559959412,-0.1198810264468193,1.057939052581787,0.9371882677078247,8539,9024
duplex_RNAplex_equals,0.5826923076923077,0.5826923076923077,0.23554137349128723,-0.23888637125492096,0.6783342361450195,1.1975789070129395,2,2
Acc_P24_3th,0.5826788612486414,0.5826788612486414,0.1395447999238968,-0.13674670457839966,1.0221718549728394,0.9648174047470093,8550,9068
Acc_P2_4th,0.5826493660185967,0.5826493660185967,0.14137063920497894,-0.12556347250938416,1.0452483892440796,0.9506160616874695,8543,9036
Acc_P4_4th,0.5820284687839633,0.5820284687839633,0.13541796803474426,-0.12516814470291138,1.0397180318832397,0.9549474120140076,8549,9046
Acc_P12_3th,0.5818544318319043,0.5818544318319043,0.13485273718833923,-0.1292683631181717,1.0272624492645264,0.9656893610954285,8550,9072
MRNA_Target_AC_comp,0.58117735176911,0.58117735176911,0.14285312592983246,-0.14251035451889038,1.0604500770568848,0.9079180955886841,120,107
miRNAMatchPosition_4,0.4193658253834078,0.5806341746165922,-0.15107876062393188,0.1580195426940918,0.8832659125328064,1.0878735780715942,4,4
Acc_P10_4th,0.58005028982007,0.58005028982007,0.1250178962945938,-0.11961343884468079,1.0367789268493652,0.9546200633049011,8553,9067
miRNAMatchPosition_18,0.5796610916555972,0.5796610916555972,0.15768800675868988,-0.163779616355896,1.0422314405441284,0.9289514422416687,4,4
Acc_P20_1th,0.5794614358169303,0.5794614358169303,0.14890636503696442,-0.12644565105438232,0.9775412082672119,1.0024375915527344,8547,9073
Acc_P16_6th,0.5791031095278348,0.5791031095278348,0.10799820721149445,-0.11173319071531296,1.0556758642196655,0.9245069622993469,8551,9068
Acc_P1_4th,0.5788901581934549,0.5788901581934549,0.13880248367786407,-0.12065350264310837,1.047133207321167,0.9493649005889893,8541,9027
Acc_P7_4th,0.5787213802680836,0.5787213802680836,0.12529383599758148,-0.12139479070901871,1.0340596437454224,0.9545107483863831,8551,9062
Acc_P19_6th,0.5783846516121242,0.5783846516121242,0.11186081916093826,-0.09328339993953705,1.0580660104751587,0.9528595209121704,8552,9072
Acc_P9_4th,0.5783796642917522,0.5783796642917522,0.1273965835571289,-0.11816655844449997,1.0389375686645508,0.9515681266784668,8554,9066
miRNAMatchPosition_6,0.4216336674314696,0.5783663325685304,-0.15451842546463013,0.14888639748096466,0.8837360143661499,1.088248610496521,4,4
Acc_P6_4th,0.5782301292114479,0.5782301292114479,0.1274220198392868,-0.11301300674676895,1.0332282781600952,0.9661646485328674,8551,9057
Acc_P23_2th,0.5780000784929357,0.5780000784929357,0.13347594439983368,-0.13414081931114197,1.007056474685669,0.9813253879547119,8549,9073
Acc_P11_3th,0.5774716580123174,0.5774716580123174,0.12449554353952408,-0.12561027705669403,1.0239604711532593,0.9648090600967407,8554,9068
MRNA_Target_GU_comp,0.4231559835768627,0.5768440164231373,-0.13683614134788513,0.14363323152065277,0.9620119333267212,1.0452224016189575,129,147
HotPairingMirna_he_P8_L4,0.5767032967032967,0.5767032967032967,0.16652794182300568,-0.1680191457271576,1.056903600692749,0.9086781740188599,2,2
Acc_P4_3th,0.5763349716217848,0.5763349716217848,0.13099293410778046,-0.11880325525999069,1.0262683629989624,0.9755211472511292,8553,9047
Acc_P28_6th,0.5760137121120638,0.5760137121120638,0.12239935249090195,-0.10749547183513641,1.0571023225784302,0.9415468573570251,8543,9061
Acc_P29_7th,0.5759485086342229,0.5759485086342229,0.12179947644472122,-0.10656893253326416,1.0705252885818481,0.925269365310669,8538,9057
Acc_P1_3th,0.5759128788793624,0.5759128788793624,0.13459700345993042,-0.12114299088716507,1.0293221473693848,0.9634580612182617,8551,9035
Acc_P32_10th,0.575784065934066,0.575784065934066,0.10647367686033249,-0.09399403631687164,1.0888365507125854,0.9188387393951416,8528,9015
Acc_P30_8th,0.5755593768868494,0.5755593768868494,0.11934194713830948,-0.10105229169130325,1.0845367908477783,0.9230175018310547,8531,9048
Acc_P2_3th,0.5755262347542567,0.5755262347542567,0.13340765237808228,-0.11936549097299576,1.0309507846832275,0.9661163687705994,8553,9035
Acc_P18_6th,0.5753313307571549,0.5753313307571549,0.1105089858174324,-0.0967203751206398,1.0618711709976196,0.940528929233551,8550,9071
Acc_P31_9th,0.5753269351527593,0.5753269351527593,0.11321354657411575,-0.09568481892347336,1.088513970375061,0.9227744936943054,8531,9043
Acc_P19_2th,0.5753017389204202,0.5753017389204202,0.13725638389587402,-0.11331798136234283,1.0109764337539673,0.9817397594451904,8553,9074
Acc_P13_3th,0.5751515034416134,0.5751515034416134,0.11808796226978302,-0.11579664796590805,1.0145221948623657,0.971921980381012,8551,9073
miRNAMatchPosition_16,0.575074278468784,0.575074278468784,0.14478832483291626,-0.14139848947525024,1.0346765518188477,0.9459915161132812,4,4
MRNA_Target_CG_comp,0.424969001328342,0.575030998671658,-0.15346992015838623,0.17064213752746582,0.8500903844833374,1.1316497325897217,89,107
Acc_P15_5th,0.5746737773215795,0.5746737773215795,0.10418625175952911,-0.11132625490427017,1.0419106483459473,0.9394307732582092,8547,9068
Acc_P27_5th,0.5745160125588697,0.5745160125588697,0.11652837693691254,-0.11294444650411606,1.040372610092163,0.9508213400840759,8548,9061
Acc_P8_4th,0.5741787586040333,0.5741787586040333,0.11879980564117432,-0.11338599026203156,1.0352727174758911,0.9573506712913513,8552,9064
Acc_P11_2th,0.5737209274242241,0.5737209274242241,0.12422922998666763,-0.12315937876701355,1.0085299015045166,0.9813207387924194,8550,9072
Acc_P12_2th,0.5735329549571307,0.5735329549571307,0.12067369371652603,-0.12226749211549759,1.0025184154510498,0.9844371676445007,8550,9076
Acc_P17_6th,0.5731212474338848,0.5731212474338848,0.1028909906744957,-0.09801754355430603,1.0578229427337646,0.9357444047927856,8547,9069
Acc_P22_1th,0.5729116833715735,0.5729116833715735,0.1318429857492447,-0.12049891799688339,0.9849011301994324,1.0024948120117188,8553,9076
Acc_P3_3th,0.572645344765125,0.572645344765125,0.1255047470331192,-0.11733268201351166,1.0278135538101196,0.9663946032524109,8549,9049
Acc_P19_3th,0.57190460693153,0.57190460693153,0.11957712471485138,-0.10453268140554428,1.024542212486267,0.9738754630088806,8554,9074
Acc_P26_4th,0.5714637121120638,0.5714637121120638,0.114293172955513,-0.11276799440383911,1.0284370183944702,0.9612075090408325,8549,9068
Acc_P19_5th,0.5709823994686632,0.5709823994686632,0.10319530218839645,-0.08504314720630646,1.0414185523986816,0.9706963300704956,8548,9072
Acc_P5_3th,0.5709191764279676,0.5709191764279676,0.12057004123926163,-0.1075330302119255,1.020760178565979,0.9803109765052795,8551,9054
Acc_P10_3th,0.5708746830092984,0.5708746830092984,0.11367655545473099,-0.11360199004411697,1.0214072465896606,0.9690920114517212,8551,9066
MRNA_Target_U_comp,0.5708489252505736,0.5708489252505736,0.12148595601320267,-0.1257728636264801,1.012938380241394,0.9726821184158325,297,297
MRNA_Target_UU_comp,0.5704702330636396,0.5704702330636396,0.11980460584163666,-0.12252192199230194,1.0507105588912964,0.9251559376716614,183,176
miRNAPairingCount_X3p_AU,0.4296132471923681,0.5703867528076318,-0.12266779690980911,0.1271454095840454,0.9961987733840942,0.9949415326118469,11,12
Acc_P14_4th,0.5700429175220384,0.5700429175220384,0.10358520597219467,-0.10562913119792938,1.0296534299850464,0.9602482914924622,8551,9073
Acc_P1_2th,0.5699335285593528,0.5699335285593528,0.12756408751010895,-0.11404939740896225,1.0159751176834106,0.9787970781326294,8549,9042
Acc_P25_3th,0.5698682526264944,0.5698682526264944,0.11654577404260635,-0.11524643748998642,1.0190327167510986,0.9706486463546753,8550,9065
Acc_P3_2th,0.5693459968602825,0.5693459968602825,0.12385347485542297,-0.11339433491230011,1.0139358043670654,0.9857170581817627,8555,9052
Acc_P6_3th,0.5688641408042507,0.5688641408042507,0.11664245277643204,-0.10885008424520493,1.023056983947754,0.972432017326355,8554,9063
miRNAMatchPosition_20,0.5685723282212293,0.5685723282212293,0.144074946641922,-0.14885905385017395,1.032658338546753,0.9448938369750977,4,4
Energy_MEF_cons_local_target,0.5683442881294529,0.5683442881294529,0.12326792627573013,-0.11260651051998138,0.9582386016845703,1.029394268989563,1568,1662
Acc_P9_3th,0.5678703900495109,0.5678703900495109,0.1117781326174736,-0.10663658380508423,1.0210347175598145,0.9684417247772217,8552,9070
Acc_P32_9th,0.5670293382441735,0.5670293382441735,0.09469984471797943,-0.08580228686332703,1.070587396621704,0.9320335388183594,8532,9037
Acc_P19_4th,0.5669265124984906,0.5669265124984906,0.1039675772190094,-0.086421437561512,1.032810091972351,0.977638304233551,8551,9074
Acc_P7_3th,0.5667225033208549,0.5667225033208549,0.10969272255897522,-0.10755617171525955,1.0199929475784302,0.9698673486709595,8555,9064
Acc_P33_10th,0.5666691341625407,0.5666691341625407,0.08623930811882019,-0.08419907093048096,1.0681082010269165,0.9260469079017639,8520,9008
Acc_P19_1th,0.5665704866562009,0.5665704866562009,0.1248692125082016,-0.10479120910167694,0.9857377409934998,0.9987232685089111,8552,9072
Acc_P2_2th,0.5663334078009902,0.5663334078009902,0.11503183096647263,-0.1127062737941742,1.0133103132247925,0.9831181764602661,8555,9051
HotPairingMirna_he_P3_L1,0.5662637362637363,0.5662637362637363,0.14347775280475616,-0.1562495231628418,1.0634440183639526,0.9003338813781738,2,2
Energy_MEF_cons_local_target_normalized,0.5662260838063036,0.5662260838063036,0.11719498783349991,-0.10954947024583817,0.9623072147369385,1.0245983600616455,2397,2556
Acc_P30_7th,0.5659344765124985,0.5659344765124985,0.10815189778804779,-0.09219768643379211,1.0682384967803955,0.9361252188682556,8537,9050
Acc_P4_2th,0.565447935032001,0.565447935032001,0.1160428524017334,-0.10583428293466568,1.0102981328964233,0.9884909987449646,8547,9052
Acc_P8_3th,0.5651723402970655,0.5651723402970655,0.11105802655220032,-0.09905689209699631,1.0190027952194214,0.972598135471344,8549,9069
Acc_P29_6th,0.5650538461538461,0.5650538461538461,0.10726404190063477,-0.0965728759765625,1.054387092590332,0.9392779469490051,8539,9062
Acc_P31_8th,0.564987235841082,0.564987235841082,0.10106613487005234,-0.0849786251783371,1.069737434387207,0.9391265511512756,8530,9042
Acc_P24_2th,0.564966362758121,0.564966362758121,0.11141957342624664,-0.11011495441198349,1.0053532123565674,0.9895614981651306,8551,9071
Acc_P16_5th,0.5648571126675522,0.5648571126675522,0.08983505517244339,-0.09071946889162064,1.0351842641830444,0.9530965089797974,8552,9074
MRNA_Target_CU_comp,0.5648517449583383,0.5648517449583383,0.10743289440870285,-0.12072952091693878,1.0427137613296509,0.9395245909690857,150,141
Acc_P28_5th,0.5641884675763796,0.5641884675763796,0.10918477177619934,-0.09445291012525558,1.0438188314437866,0.9568617939949036,8542,9058
Seed_match_compact_mismatch_inner,0.4358455198647506,0.5641544801352494,-0.16991989314556122,0.1537299007177353,0.8325133919715881,1.1072019338607788,3,3
Acc_P10_2th,0.564084259147446,0.564084259147446,0.1030268594622612,-0.11089703440666199,1.0073904991149902,0.9853478670120239,8551,9069
Acc_P11_1th,0.5636929235599565,0.5636929235599565,0.10618532449007034,-0.1135466918349266,0.9837475419044495,1.0028209686279297,8552,9073
MRNA_Target_CA_comp,0.5636502837821519,0.5636502837821519,0.11411669105291367,-0.1005113497376442,1.0323816537857056,0.9549372792243958,131,122
Acc_P13_2th,0.563414684216882,0.563414684216882,0.10788577049970627,-0.09827715158462524,0.999476432800293,0.9919863939285278,8552,9075
Seed_match_compact_interactions_2_7,0.5633904842410337,0.5633904842410337,0.11051144450902939,-0.11082140356302261,0.996936559677124,0.9934402108192444,5,5
Seed_match_compact_mismatch_left,0.562967032967033,0.562967032967033,0.1380462497472763,-0.11440220475196838,0.9809131026268005,1.0012257099151611,2,2
MRNA_Target_GA_comp,0.4370791208791209,0.5629208791208791,-0.11066748946905136,0.10272862017154694,0.9872817993164062,1.0033608675003052,137,144
non_canonic_seed,0.4370879120879121,0.5629120879120879,0.691318690776825,0.8171428442001343,0.46194931864738464,0.3865493834018707,2,2
canonic_seed,0.5629120879120879,0.5629120879120879,0.30868130922317505,0.18285714089870453,0.46194931864738464,0.3865493834018707,2,2
Acc_P5_2th,0.5626124562250936,0.5626124562250936,0.10844956338405609,-0.10389656573534012,1.0112637281417847,0.9884557723999023,8551,9064
Acc_P27_4th,0.5621103791812583,0.5621103791812583,0.10279139131307602,-0.09809643775224686,1.028794527053833,0.9672175049781799,8546,9062
MRNA_Target_AU_comp,0.561832870426277,0.561832870426277,0.11207029968500137,-0.10875064879655838,1.060427188873291,0.9269417524337769,127,116
Acc_P18_5th,0.5608076681560198,0.5608076681560198,0.08926719427108765,-0.07513274997472763,1.041135311126709,0.9704442620277405,8547,9074
miRNAPairingCount_Seed_GC,0.5605808960270499,0.5605808960270499,0.10316967964172363,-0.10442059487104416,0.9569362998008728,1.0307847261428833,8,9
HotPairingMirna_he_P2_L2,0.4397802197802198,0.5602197802197801,-0.14864696562290192,0.14548614621162415,0.8772556781768799,1.0875343084335327,2,2
Acc_P15_4th,0.5601996014974037,0.5601996014974037,0.08751087635755539,-0.08805584907531738,1.0225954055786133,0.9684305787086487,8552,9072
Acc_P32_8th,0.5599355271102524,0.5599355271102524,0.08450061082839966,-0.08010337501764297,1.0542855262756348,0.9406816959381104,8533,9033
MRNA_Down_UA_comp,0.5598242362033571,0.5598242362033571,0.09694471210241318,-0.10413826256990433,1.013440728187561,0.9660719633102417,183,157
Acc_P34_10th,0.5595139838183795,0.5595139838183795,0.07909666001796722,-0.07920948415994644,1.0692380666732788,0.921170175075531,8518,9020
Acc_P33_9th,0.5595003260475788,0.5595003260475788,0.0794798731803894,-0.0804210752248764,1.0592623949050903,0.9292362332344055,8526,9036
Acc_P9_2th,0.5594795133437991,0.5594795133437991,0.10009749233722687,-0.09910465776920319,1.0077961683273315,0.9824990034103394,8550,9071
miRNAPairingCount_Total_GC,0.44056130298273155,0.5594386970172684,-0.1149514690041542,0.1181766465306282,1.014122486114502,0.9631326198577881,16,15
Acc_P26_3th,0.5590985931650767,0.5590985931650767,0.09904511272907257,-0.09740761667490005,1.0165541172027588,0.9768255352973938,8550,9063
Acc_P6_2th,0.5590071609708972,0.5590071609708972,0.10356103628873825,-0.09660651534795761,1.0099691152572632,0.9863225817680359,8552,9067
Acc_P12_1th,0.5588816930322424,0.5588816930322424,0.1049681305885315,-0.09889525920152664,0.9846939444541931,1.0086876153945923,8548,9076
Acc_P7_2th,0.5586911061466007,0.5586911061466007,0.10174442082643509,-0.0944303572177887,1.0051701068878174,0.9836324453353882,8554,9068
Acc_P31_7th,0.5584405687718874,0.5584405687718874,0.09292081743478775,-0.07993248850107193,1.0568535327911377,0.9464651346206665,8539,9052
Seed_match_compact_interactions_3_8,0.5583392223161454,0.5583392223161454,0.11121425777673721,-0.10258971154689789,0.9837111830711365,1.0069308280944824,5,5
Acc_P10_1th,0.5582497826349475,0.5582497826349475,0.09721709042787552,-0.1034940555691719,0.9903602600097656,1.0042648315429688,8551,9069
Acc_P30_6th,0.5582072213500785,0.5582072213500785,0.09879176318645477,-0.08398505300283432,1.0539956092834473,0.9468508362770081,8538,9051
Acc_P2_1th,0.5581895785533149,0.5581895785533149,0.10284402221441269,-0.1002882719039917,0.991631031036377,1.0086919069290161,8548,9051
Acc_P25_2th,0.557922986354305,0.557922986354305,0.10069513320922852,-0.09753122180700302,1.005975365638733,0.9861221313476562,8551,9066
miRNAMatchPosition_19,0.5575791631445478,0.5575791631445478,0.13095712661743164,-0.13733436167240143,1.0528761148452759,0.9257634282112122,4,4
i_2,0.44263736263736264,0.5573626373626374,-0.2484644055366516,0.24604350328445435,1.3736709356307983,2.9802322387695312e-08,2,1
Acc_P29_5th,0.5571144366622388,0.5571144366622388,0.09708531945943832,-0.08683477342128754,1.0413403511047363,0.9532999992370605,8543,9060
Acc_P14_3th,0.5570514491003502,0.5570514491003502,0.09001519531011581,-0.08510071039199829,1.0137567520141602,0.9834040403366089,8550,9071
HotPairingMirna_he_P4_L3,0.556923076923077,0.556923076923077,0.12991082668304443,-0.12524497509002686,1.0557117462158203,0.9260824918746948,2,2
Acc_P17_5th,0.5568379664291753,0.5568379664291753,0.08329647779464722,-0.07244371622800827,1.0384405851364136,0.9681790471076965,8551,9073
MRNA_Down_AU_comp,0.556801533631204,0.556801533631204,0.09564784914255142,-0.09356733411550522,1.0004175901412964,0.9790489673614502,183,159
Acc_P1_1th,0.556446926699674,0.556446926699674,0.09990515559911728,-0.09579738974571228,0.9943814873695374,1.001200795173645,8552,9045
MRNA_Target_UG_comp,0.4435597935032001,0.5564402064967999,-0.09933435916900635,0.10134806483983994,0.9941157698631287,0.9958488941192627,151,164
MRNA_Down_GG_comp,0.44377156140562735,0.5562284385943727,-0.08913519233465195,0.09468884021043777,0.9535769820213318,1.0380996465682983,147,148
Acc_P3_1th,0.5559855693756792,0.5559855693756792,0.10118832439184189,-0.09297851473093033,0.9947848320007324,1.0011916160583496,8552,9054
miRNAMatchPosition_7,0.4441513102282333,0.5558486897717667,-0.09546558558940887,0.08968931436538696,0.9561417102813721,1.0269956588745117,4,4
Acc_P4_1th,0.5558216942398261,0.5558216942398261,0.09838931262493134,-0.09562376886606216,0.9931899309158325,1.0064066648483276,8551,9060
Acc_P8_2th,0.5558030793382441,0.5558030793382441,0.09861712157726288,-0.08955378085374832,1.0084015130996704,0.9820004105567932,8551,9068
MRNA_Up_G_comp,0.4443337096968965,0.5556662903031035,-0.09448494017124176,0.0906425341963768,0.9614924788475037,1.0484174489974976,304,296
Acc_P18_2th,0.5554285291631446,0.5554285291631446,0.09281642735004425,-0.08924193680286407,1.0117350816726685,0.9894877076148987,8548,9077
Acc_P18_1th,0.5554039729501268,0.5554039729501268,0.10167591273784637,-0.08952343463897705,0.9940995573997498,1.0044806003570557,8550,9074
MRNA_Down_G_comp,0.4446551624199976,0.5553448375800024,-0.09335070103406906,0.09937970340251923,0.9667625427246094,1.0286985635757446,246,234
Acc_P28_4th,0.5547940103852191,0.5547940103852191,0.09704841673374176,-0.08438321948051453,1.0305976867675781,0.9658035039901733,8545,9056
i_6,0.4458791208791209,0.5541208791208792,-0.2334003746509552,0.24129845201969147,1.3625246286392212,0.0,2,1
Acc_P34_9th,0.5537274061103732,0.5537274061103732,0.07209958136081696,-0.0726747065782547,1.051249623298645,0.9367157220840454,8523,9027
Acc_P23_1th,0.5533359920299481,0.5533359920299481,0.09003300964832306,-0.09646204859018326,0.9893100261688232,1.00899338722229,8553,9066
Acc_P35_10th,0.5532521072334259,0.5532521072334259,0.06834656745195389,-0.07072211056947708,1.0566668510437012,0.9320532083511353,8525,9012
miRNAMatchPosition_10,0.553146214225335,0.553146214225335,0.1001548171043396,-0.10822106897830963,1.027824878692627,0.9568681716918945,4,4
Acc_P32_7th,0.5531193636034295,0.5531193636034295,0.07875677198171616,-0.0745098888874054,1.0428587198257446,0.9530983567237854,8530,9044
Acc_P33_8th,0.5529500181137543,0.5529500181137543,0.07351318001747131,-0.07379593700170517,1.0462030172348022,0.944132387638092,8525,9035
Acc_P27_3th,0.5527332689288733,0.5527332689288733,0.09055068343877792,-0.08690784126520157,1.0186572074890137,0.9768233895301819,8544,9061
Acc_P30_5th,0.552183299118464,0.552183299118464,0.09029965102672577,-0.08131717890501022,1.038663387298584,0.9550501108169556,8539,9050
Acc_P31_6th,0.5517075534355754,0.5517075534355754,0.08316775411367416,-0.07541609555482864,1.039903998374939,0.9572930932044983,8540,9055
Acc_P29_4th,0.5512106146600652,0.5512106146600652,0.08658886700868607,-0.08295128494501114,1.0243501663208008,0.9629850387573242,8544,9057
miRNAMatchPosition_17,0.5510290001207584,0.5510290001207584,0.12098771333694458,-0.11955206841230392,1.0548051595687866,0.9258825778961182,4,4
MRNA_Target_AG_comp,0.4491775630962444,0.5508224369037555,-0.08907045423984528,0.08298955857753754,1.007494330406189,0.9878654479980469,140,146
MRNA_Down_U_comp,0.5507078009902185,0.5507078009902185,0.08525364100933075,-0.08634857833385468,1.0029222965240479,0.9941809177398682,281,249
Acc_P26_2th,0.5504902668759811,0.5504902668759811,0.08783825486898422,-0.0849166065454483,1.0073096752166748,0.9894207715988159,8545,9066
Acc_P5_1th,0.5502624864146842,0.5502624864146842,0.08881642669439316,-0.08644822239875793,0.9936402440071106,1.0060564279556274,8552,9061
Acc_P18_4th,0.5501688564183069,0.5501688564183069,0.07144811004400253,-0.06209065392613411,1.0182255506515503,0.9887809157371521,8550,9073
Acc_P24_1th,0.5501117799782635,0.5501117799782635,0.08934315294027328,-0.08562222123146057,0.992013692855835,1.0058599710464478,8552,9068
Acc_P9_1th,0.5498746950851346,0.5498746950851346,0.08329306542873383,-0.0880289375782013,0.9894004464149475,1.0040794610977173,8552,9072
Seed_match_compact_start,0.5494620577224972,0.5494620577224972,0.0761757418513298,-0.06167876347899437,0.9668868184089661,1.0242996215820312,6,6
MRNA_Up_GG_comp,0.45063366743146965,0.5493663325685303,-0.08517316728830338,0.07777214795351028,0.9363913536071777,1.0349833965301514,211,217
Acc_P36_10th,0.5492374109407077,0.5492374109407077,0.06369741261005402,-0.06165999546647072,1.0527786016464233,0.941483736038208,8511,9010
HotPairingMirna_he_P9_L3,0.45076923076923076,0.5492307692307692,-0.1170291155576706,0.11928562074899673,0.9116097688674927,1.069596529006958,2,2
MRNA_Down_GC_comp,0.4511821096485932,0.5488178903514068,-0.08124062418937683,0.08267329633235931,0.9752465486526489,1.0121442079544067,139,126
MRNA_Down_UU_comp,0.5487254377490641,0.5487254377490641,0.07846247404813766,-0.07219819724559784,1.0072134733200073,0.9970238208770752,236,195
Acc_P18_3th,0.5485433703658978,0.5485433703658978,0.07569122314453125,-0.06658901274204254,1.0151804685592651,0.9946982860565186,8551,9077
Acc_P28_3th,0.5482477659702935,0.5482477659702935,0.08401954919099808,-0.07782214134931564,1.0142710208892822,0.9773496389389038,8544,9060
MRNA_Up_UA_comp,0.5478536408646298,0.5478536408646298,0.08443915843963623,-0.08027654886245728,1.02333402633667,0.9693533182144165,175,149
HotPairingMRNA_he_P2_L3,0.4521978021978022,0.5478021978021979,-0.11015914380550385,0.10838685184717178,0.9305455684661865,1.052729845046997,2,2
Acc_P6_1th,0.547426198526748,0.547426198526748,0.0899302214384079,-0.07475621998310089,0.9930282831192017,1.003010630607605,8545,9065
HotPairingMirna_he_P3_L2,0.45269230769230767,0.5473076923076923,-0.10276282578706741,0.11777569353580475,0.9308175444602966,1.0616587400436401,2,2
Acc_P35_9th,0.5472798756188866,0.5472798756188866,0.06577997654676437,-0.06610272079706192,1.0530011653900146,0.9362078905105591,8522,9031
Acc_P25_1th,0.5472675944934187,0.5472675944934187,0.08521047234535217,-0.07840029895305634,0.9956569075584412,1.0007555484771729,8550,9066
MRNA_Down_AA_comp,0.5467664231373023,0.5467664231373023,0.07480742782354355,-0.07041669636964798,1.0136762857437134,0.9931843876838684,254,202
Acc_P34_8th,0.5463775087549813,0.5463775087549813,0.06713715940713882,-0.06535185873508453,1.0431965589523315,0.943403959274292,8528,9037
Acc_P33_7th,0.546113053978988,0.546113053978988,0.06998838484287262,-0.0690479502081871,1.040572166442871,0.9435106515884399,8531,9045
Acc_P27_2th,0.5459572334259147,0.5459572334259147,0.07747853547334671,-0.07892204821109772,1.0043706893920898,0.9895487427711487,8547,9061
MRNA_Up_UU_comp,0.5459097089723464,0.5459097089723464,0.060065992176532745,-0.06625328958034515,0.9797912836074829,1.009268879890442,232,207
Acc_P32_6th,0.5455346395362879,0.5455346395362879,0.07282732427120209,-0.06818030774593353,1.0353060960769653,0.9541971683502197,8535,9051
MRNA_Down_C_comp,0.4546367950730588,0.5453632049269412,-0.07756441086530685,0.06974105536937714,0.9855890274047852,0.9944027066230774,267,231
Acc_P16_4th,0.5453537555850743,0.5453537555850743,0.06433732807636261,-0.060050684958696365,1.0163164138793945,0.9840590357780457,8547,9074
Acc_P13_1th,0.5453387332447772,0.5453387332447772,0.08508329093456268,-0.07093501836061478,0.9856931567192078,1.0110102891921997,8550,9076
Acc_P31_5th,0.5452549209032725,0.5452549209032725,0.07884849607944489,-0.06878440082073212,1.0324711799621582,0.9617787003517151,8539,9054
MRNA_Up_AU_comp,0.5452423620335708,0.5452423620335708,0.08002505451440811,-0.07435131818056107,1.0350067615509033,0.9944663643836975,191,171
MRNA_Down_A_comp,0.5451136758845551,0.5451136758845551,0.07837710529565811,-0.07289554178714752,0.9921473860740662,1.0064830780029297,283,257
HotPairingMirna_he_P8_L3,0.4548901098901099,0.5451098901098901,-0.10805206745862961,0.1022183895111084,0.9268370270729065,1.054451823234558,2,2
Acc_P8_1th,0.545049275449825,0.545049275449825,0.08146067708730698,-0.07363057136535645,0.9945908784866333,1.0008971691131592,8552,9069
Acc_P7_1th,0.5449281548122208,0.5449281548122208,0.08121092617511749,-0.07324320822954178,0.9904581904411316,0.9981942772865295,8550,9069
HotPairingMirna_he_P4_L1,0.5448901098901099,0.5448901098901099,0.0958823636174202,-0.10860543698072433,1.0465657711029053,0.9326550960540771,2,2
MRNA_Up_U_comp,0.5447893672261804,0.5447893672261804,0.0745607316493988,-0.07871081680059433,0.9784094095230103,1.0163859128952026,317,300
Acc_P37_10th,0.5443198466368796,0.5443198466368796,0.05608891695737839,-0.056803107261657715,1.0490208864212036,0.9422029852867126,8510,8995
Acc_P36_9th,0.5439405627339693,0.5439405627339693,0.05858498439192772,-0.0598304346203804,1.0461087226867676,0.9449082612991333,8514,9023
Acc_P30_4th,0.5438431771525178,0.5438431771525178,0.08359798043966293,-0.07085275650024414,1.0312278270721436,0.9610055088996887,8540,9054
HotPairingMirna_he_P7_L2,0.4563736263736264,0.5436263736263736,-0.1051410362124443,0.09906850755214691,0.927975058555603,1.053855538368225,2,2
Acc_P29_3th,0.543327973674677,0.543327973674677,0.07896856963634491,-0.07182709872722626,1.0161315202713013,0.9700590372085571,8543,9054
miRNAMatchPosition_13,0.5431795435333897,0.5431795435333897,0.09008891880512238,-0.08320204168558121,1.033381462097168,0.963387668132782,4,4
Acc_P35_8th,0.5422105844704745,0.5422105844704745,0.061258986592292786,-0.06372842192649841,1.0463290214538574,0.9411013126373291,8529,9033
HotPairingMRNA_he_P7_L3,0.45785714285714285,0.5421428571428571,-0.09550825506448746,0.09091707319021225,0.9490341544151306,1.038079857826233,2,2
Acc_P15_3th,0.5412756309624441,0.5412756309624441,0.06409802287817001,-0.05868137255311012,1.0095210075378418,0.9918918013572693,8550,9067
Acc_P34_7th,0.5408416314454776,0.5408416314454776,0.06011563166975975,-0.062408193945884705,1.0349159240722656,0.9485469460487366,8525,9036
MRNA_Up_GC_comp,0.4593168276778167,0.5406831723221833,-0.07797708362340927,0.07577116787433624,0.9370066523551941,1.0519554615020752,184,193
HotPairingMRNA_he_P3_L3,0.4593406593406593,0.5406593406593407,-0.08938634395599365,0.09316901862621307,0.9491389393806458,1.0422677993774414,2,2
Acc_P17_4th,0.5402078009902186,0.5402078009902186,0.058694303035736084,-0.04429905489087105,1.0176513195037842,0.9978941679000854,8551,9072
Acc_P26_1th,0.54015441371815,0.54015441371815,0.06964640319347382,-0.06942631304264069,0.9934641122817993,1.0029537677764893,8549,9067
HotPairingMirna_he_P1_L4,0.45989010989010987,0.5401098901098902,-0.09919393807649612,0.1048460602760315,0.913390576839447,1.0741357803344727,2,2
miRNAMatchPosition_11,0.5400542989977056,0.5400542989977056,0.08774849027395248,-0.09252210706472397,1.0394384860992432,0.950470507144928,4,4
Acc_P33_6th,0.5398740429899771,0.5398740429899771,0.06037580221891403,-0.06473696231842041,1.030963659286499,0.9501726031303406,8533,9041
Acc_P37_9th,0.5398573662601135,0.5398573662601135,0.05050990357995033,-0.05438951030373573,1.0423495769500732,0.9471169710159302,8523,9011
Acc_P28_2th,0.5398112184518777,0.5398112184518777,0.07484982907772064,-0.06320859491825104,1.0064167976379395,0.9847614765167236,8547,9057
Acc_P14_2th,0.5394628486897718,0.5394628486897718,0.06851308047771454,-0.05835868418216705,1.0039517879486084,0.9975821375846863,8555,9074
Acc_P36_8th,0.5394090568771888,0.5394090568771888,0.05302160605788231,-0.056304361671209335,1.0406303405761719,0.9503997564315796,8522,9028
MRNA_Down_CC_comp,0.4605966248037677,0.5394033751962324,-0.06270917505025864,0.05170388147234917,0.978181004524231,0.9923701882362366,165,148
HotPairingMRNA_he_P9_L3,0.460989010989011,0.539010989010989,-0.08425286412239075,0.08757384121417999,0.9566718935966492,1.0358922481536865,2,2
HotPairingMRNA_he_P4_L3,0.4615934065934066,0.5384065934065934,-0.08692659437656403,0.0833669975399971,0.9535684585571289,1.0357586145401,2,2
Acc_P32_5th,0.538002252143461,0.538002252143461,0.06082737445831299,-0.05925525724887848,1.025732398033142,0.9652345180511475,8534,9052
MRNA_Up_A_comp,0.5377511351286076,0.5377511351286076,0.06534323841333389,-0.06215110793709755,0.9943751096725464,1.0167121887207031,334,304
Acc_P31_4th,0.5372474761502234,0.5372474761502234,0.06615293025970459,-0.05857217311859131,1.023200511932373,0.9719902276992798,8537,9057
HotPairingMRNA_he_P4_L1,0.5371428571428571,0.5371428571428571,0.09249520301818848,-0.08592606335878372,1.0556790828704834,0.9371976256370544,2,2
HotPairingMRNA_he_P1_L3,0.46313186813186813,0.5368681318681319,-0.0870700553059578,0.08261654525995255,0.9451474547386169,1.0426985025405884,2,2
Acc_P29_2th,0.5364086040333294,0.5364086040333294,0.06574762612581253,-0.060760967433452606,1.0068389177322388,0.9837499856948853,8541,9059
Acc_P37_8th,0.5362459968602826,0.5362459968602826,0.04657740145921707,-0.0505811870098114,1.0362452268600464,0.9608368277549744,8525,9020
Acc_P30_3th,0.5360539910638812,0.5360539910638812,0.06993643939495087,-0.058594487607479095,1.0225389003753662,0.9747738838195801,8540,9057
miRNAMatchPosition_12,0.5360331481705108,0.5360331481705108,0.085256427526474,-0.07952908426523209,1.0410845279693604,0.9534175992012024,4,4
Acc_P35_7th,0.5359864267600531,0.5359864267600531,0.054027408361434937,-0.05771995335817337,1.0406638383865356,0.9495538473129272,8530,9034
HotPairingMirna_he_P6_L4,0.5358241758241759,0.5358241758241759,0.09136132150888443,-0.07206135243177414,1.0449109077453613,0.9569669365882874,2,2
Acc_P36_7th,0.5356393128849173,0.5356393128849173,0.047667257487773895,-0.05107766389846802,1.0313631296157837,0.9655064344406128,8520,9026
MRNA_Up_AA_comp,0.534889783842531,0.534889783842531,0.056352853775024414,-0.05534873157739639,1.0221668481826782,0.988539457321167,237,215
Acc_P34_6th,0.5346206376041541,0.5346206376041541,0.052041102200746536,-0.055448394268751144,1.0274381637573242,0.9584988951683044,8529,9043
Acc_P37_7th,0.5345177816688805,0.5345177816688805,0.04419950023293495,-0.051169391721487045,1.0318697690963745,0.9679290652275085,8524,9030
miRNAMatchPosition_3,0.4660257456828885,0.5339742543171115,-0.06413215398788452,0.06934602558612823,0.9594725966453552,1.0360369682312012,4,4
Acc_P27_1th,0.5336801775147929,0.5336801775147929,0.06135360524058342,-0.05579816550016403,0.9961802959442139,1.0017045736312866,8548,9064
HotPairingMRNA_he_P5_L3,0.46725274725274724,0.5327472527472528,-0.06751266121864319,0.07773464918136597,0.9647536277770996,1.033656120300293,2,2
MRNA_Down_AG_comp,0.46728801473252024,0.5327119852674798,-0.05418675020337105,0.05533982813358307,0.9997538924217224,0.999112069606781,158,149
Acc_P35_6th,0.5326650646057239,0.5326650646057239,0.04706282168626785,-0.053602300584316254,1.0307122468948364,0.9638066291809082,8529,9038
Acc_P36_6th,0.5324389928752566,0.5324389928752566,0.043114397674798965,-0.049371760338544846,1.0253491401672363,0.9756796360015869,8523,9028
i_22,0.532032967032967,0.532032967032967,0.18630154430866241,-0.18039609491825104,1.4015775918960571,0.0,2,1
MRNA_Target_C_comp,0.5319879362395846,0.5319879362395846,0.06217440590262413,-0.06360209733247757,1.0231211185455322,0.9745932221412659,289,307
HotPairingMirna_he_P8_L2,0.46802197802197804,0.5319780219780219,-0.07056405395269394,0.08221663534641266,0.9501785039901733,1.049115777015686,2,2
Acc_P33_5th,0.531914877430262,0.531914877430262,0.050296008586883545,-0.054853588342666626,1.023475170135498,0.9617133140563965,8533,9044
Energy_MEF_Duplex,0.5316998913174737,0.5316998913174737,0.07751944661140442,-0.08205431699752808,1.1423345804214478,0.8149933218955994,323,266
Acc_P37_6th,0.5312235297669363,0.5312235297669363,0.044491957873106,-0.04975122958421707,1.0298224687576294,0.9725092053413391,8523,9028
HotPairingMirna_he_P7_L1,0.5312087912087912,0.5312087912087912,0.07721100002527237,-0.06650018692016602,1.0402452945709229,0.959022045135498,2,2
miRNAMatchPosition_8,0.46880310348991666,0.5311968965100833,-0.03126676753163338,0.02467259019613266,1.021093726158142,0.9719802737236023,4,4
HotPairingMirna_he_P5_L4,0.4692857142857143,0.5307142857142857,-0.07001909613609314,0.07777445763349533,0.9494503140449524,1.0478378534317017,2,2
HotPairingMirna_he_P3_L3,0.4693956043956044,0.5306043956043955,-0.06513664126396179,0.0809943899512291,0.9543768167495728,1.0483494997024536,2,2
Acc_P34_5th,0.5304917039004952,0.5304917039004952,0.04424753785133362,-0.051236946135759354,1.0193203687667847,0.9706017374992371,8532,9045
Acc_P28_1th,0.5301323149378094,0.5301323149378094,0.05590344965457916,-0.04840831086039543,0.9987638592720032,0.9954805374145508,8541,9064
Acc_P36_5th,0.5299932918729622,0.5299932918729622,0.04165402427315712,-0.0473906472325325,1.0197736024856567,0.9812787771224976,8528,9037
Acc_P17_1th,0.5296996437628306,0.5296996437628306,0.04713532328605652,-0.05367404222488403,0.9953455328941345,1.0084748268127441,8552,9074
Acc_P35_5th,0.5293509298393914,0.5293509298393914,0.04085290804505348,-0.051493752747774124,1.0229883193969727,0.9742283821105957,8526,9037
Acc_P37_5th,0.5291689228354064,0.5291689228354064,0.041310135275125504,-0.05049922317266464,1.023099422454834,0.9767872095108032,8523,9032
HotPairingMRNA_he_P8_L3,0.4713736263736264,0.5286263736263737,-0.06130504608154297,0.06539887189865112,0.9685859084129333,1.0284379720687866,2,2
Acc_P17_3th,0.5285644608139114,0.5285644608139114,0.03971434012055397,-0.029938146471977234,1.0015438795089722,1.0119826793670654,8552,9071
Acc_P32_4th,0.5283298393913779,0.5283298393913779,0.04867834225296974,-0.04695896804332733,1.0192698240280151,0.9752625226974487,8539,9047
Acc_P16_3th,0.5281322364448738,0.5281322364448738,0.039638668298721313,-0.03092264011502266,0.9996456503868103,1.0078678131103516,8547,9076
Acc_P30_2th,0.5280917039004951,0.5280917039004951,0.05494358018040657,-0.045848023146390915,1.0145583152770996,0.9837241768836975,8539,9056
Acc_P31_3th,0.5279981644728897,0.5279981644728897,0.05265883728861809,-0.04673479497432709,1.0169676542282104,0.9784169793128967,8541,9058
HotPairingMRNA_he_P8_L1,0.5278571428571428,0.5278571428571428,0.06876536458730698,-0.06337885558605194,1.0406461954116821,0.956649124622345,2,2
Acc_P36_4th,0.5277054039367226,0.5277054039367226,0.0401112325489521,-0.0494462288916111,1.0173288583755493,0.9820055961608887,8526,9035
HotPairingMirna_he_P2_L4,0.4724175824175824,0.5275824175824175,-0.06687724590301514,0.06892116367816925,0.9484425187110901,1.0460246801376343,2,2
miRNAMatchPosition_15,0.5274578553314817,0.5274578553314817,0.07193208485841751,-0.08031568676233292,1.0455065965652466,0.9384361505508423,4,4
Acc_P29_1th,0.5273995411182224,0.5273995411182224,0.048651073127985,-0.045280251652002335,0.9993981122970581,0.9927589297294617,8543,9060
MRNA_Up_AG_comp,0.47291386909793504,0.5270861309020649,-0.05180580914020538,0.045961007475852966,1.0126159191131592,1.0973553657531738,198,190
Acc_P35_4th,0.5266816447288974,0.5266816447288974,0.038532860577106476,-0.047929804772138596,1.0174658298492432,0.981238603591919,8532,9035
Acc_P33_4th,0.5260401219659462,0.5260401219659462,0.04068046435713768,-0.0483076274394989,1.0163664817810059,0.9725880026817322,8531,9044
Acc_P34_4th,0.5257502113271344,0.5257502113271344,0.03679389879107475,-0.045930877327919006,1.0136704444885254,0.9812222123146057,8530,9043
Acc_P17_2th,0.5256839693273759,0.5256839693273759,0.0393403023481369,-0.03504040837287903,1.0007407665252686,1.011144995689392,8551,9076
MRNA_Target_GC_comp,0.47451468421688203,0.525485315783118,-0.05488686263561249,0.06267083436250687,0.9597977995872498,1.0379136800765991,129,132
HotPairingMRNA_he_P2_L1,0.5254395604395604,0.5254395604395604,0.06389746069908142,-0.056364819407463074,1.0375033617019653,0.962193489074707,2,2
site_start,0.4746601195507789,0.5253398804492211,-0.04773729667067528,0.039388228207826614,0.9796075820922852,1.0307985544204712,3151,3419
Acc_P37_4th,0.5247490822364449,0.5247490822364449,0.03417317196726799,-0.044954825192689896,1.0164238214492798,0.9872376918792725,8522,9031
HotPairingMirna_he_P6_L1,0.4753846153846154,0.5246153846153846,-0.06315059959888458,0.06398627161979675,0.9449019432067871,1.0490202903747559,2,2
Acc_P15_2th,0.524329706557179,0.524329706557179,0.04215778037905693,-0.03156455233693123,1.000464677810669,1.0063825845718384,8549,9076
MRNA_Up_C_comp,0.47569384132351167,0.5243061586764883,-0.03972356393933296,0.03428628295660019,0.9980627298355103,1.0118365287780762,309,307
i_4,0.4757692307692308,0.5242307692307693,-0.1429976373910904,0.16271637380123138,1.354658603668213,0.0,2,1
MRNA_Down_CA_comp,0.47591259509721046,0.5240874049027895,-0.03770097345113754,0.043015383183956146,1.0143647193908691,1.0421159267425537,162,144
Acc_P35_3th,0.5237942458640261,0.5237942458640261,0.035962674766778946,-0.04659736901521683,1.0153158903121948,0.9856962561607361,8532,9038
MRNA_Up_CC_comp,0.47623855814515154,0.5237614418548484,-0.03187103196978569,0.02526109665632248,1.0098679065704346,1.0012692213058472,236,222
miRNAPairingCount_Total_bulge,0.47627790725757757,0.5237220927424224,-0.03926105797290802,0.03796156495809555,0.9941385984420776,0.9986371994018555,7,7
Acc_P34_3th,0.5235857625890593,0.5235857625890593,0.033303841948509216,-0.04322759434580803,1.0071237087249756,0.9875522255897522,8532,9046
Acc_P36_3th,0.5233409431228112,0.5233409431228112,0.032928671687841415,-0.04705596715211868,1.012947678565979,0.9870914220809937,8526,9037
MRNA_Up_CG_comp,0.4767431348870909,0.523256865112909,-0.041458625346422195,0.05038440600037575,0.8766849040985107,1.0762035846710205,116,130
Acc_P31_2th,0.5232427726120034,0.5232427726120034,0.04199923574924469,-0.04180068522691727,1.0111585855484009,0.9846641421318054,8539,9054
MRNA_Down_CU_comp,0.47694442096365175,0.5230555790363483,-0.04536919295787811,0.03931429982185364,0.9849442839622498,1.0071710348129272,170,153
Acc_P32_3th,0.5230012921144789,0.5230012921144789,0.03857220336794853,-0.04180911183357239,1.0134903192520142,0.9823416471481323,8537,9047
MRNA_Dist_to_end,0.522825141891076,0.522825141891076,0.0385572612285614,-0.037611301988363266,1.0188014507293701,0.9783762097358704,5691,5877
miRNAPairingCount_X3p_bulge,0.47757226784204804,0.522427732157952,-0.03928543999791145,0.03309457749128342,0.9950351715087891,1.0027456283569336,6,6
HotPairingMRNA_he_P9_L1,0.5224175824175824,0.5224175824175824,0.058893680572509766,-0.05068708583712578,1.0388776063919067,0.9624055027961731,2,2
Acc_P30_1th,0.5220154329187296,0.5220154329187296,0.03702614828944206,-0.03781015798449516,1.0068092346191406,0.9914050102233887,8539,9057
Acc_P34_2th,0.5219158676488347,0.5219158676488347,0.03261752426624298,-0.04126414284110069,1.0031687021255493,0.994079053401947,8531,9041
MRNA_Dist_to_start,0.4780870486656201,0.5219129513343799,-0.03744246065616608,0.03562529385089874,1.0165140628814697,0.9810745120048523,5829,5865
Acc_P33_3th,0.5218297125950973,0.5218297125950973,0.03314736858010292,-0.04436611384153366,1.011452317237854,0.9809154868125916,8535,9039
Seed_match_compact_bulge_target,0.4782123656563217,0.5217876343436783,-0.03746739774942398,0.03526929020881653,0.9226788878440857,1.047364592552185,22,24
HotPairingMRNA_he_P6_L1,0.5217032967032967,0.5217032967032967,0.053364094346761703,-0.053004950284957886,1.0357201099395752,0.9602785706520081,2,2
HotPairingMRNA_he_P6_L3,0.47846153846153844,0.5215384615384615,-0.043802980333566666,0.05045558512210846,0.9793867468833923,1.0209028720855713,2,2
Acc_P35_2th,0.5213726361550537,0.5213726361550537,0.030874617397785187,-0.04532293230295181,1.010221242904663,0.9914476275444031,8532,9039
i_5,0.4787912087912088,0.5212087912087913,-0.14017139375209808,0.14964012801647186,1.3769899606704712,1.4901161193847656e-08,2,1
HotPairingMRNA_he_P1_L2,0.521043956043956,0.521043956043956,0.0464649461209774,-0.04944200441241264,1.0240037441253662,0.9713711142539978,2,2
Acc_P37_3th,0.5209685907499094,0.5209685907499094,0.030994625762104988,-0.042805079370737076,1.014918565750122,0.9867960214614868,8525,9034
Acc_P33_2th,0.5206323209757275,0.5206323209757275,0.030233120545744896,-0.04154867306351662,1.0046639442443848,0.9873143434524536,8531,9048
Acc_P32_2th,0.520252880086946,0.520252880086946,0.03248449042439461,-0.03951561823487282,1.0089328289031982,0.9884907603263855,8531,9051
Acc_P37_2th,0.5201192549209033,0.5201192549209033,0.03474685177206993,-0.03827076032757759,1.0152497291564941,0.9914683103561401,8527,9031
Acc_P36_2th,0.5200485690134041,0.5200485690134041,0.02904263697564602,-0.042816270142793655,1.010992407798767,0.9897979497909546,8526,9034
MRNA_Up_AC_comp,0.5196613935515034,0.5196613935515034,0.03268470615148544,-0.020863870158791542,0.9689171314239502,1.076891541481018,177,168
Acc_P36_1th,0.5195705228837098,0.5195705228837098,0.031013526022434235,-0.03675626963376999,1.0021650791168213,0.9992379546165466,8526,9036
i_3,0.4804945054945055,0.5195054945054944,-0.14236491918563843,0.14059332013130188,1.4043912887573242,1.4901161193847656e-08,2,1
HotPairingMRNA_he_P5_L1,0.5194505494505495,0.5194505494505495,0.04801882803440094,-0.04630182683467865,1.0312680006027222,0.9666386842727661,2,2
Acc_P14_1th,0.5193113754377491,0.5193113754377491,0.04086834192276001,-0.025453954935073853,0.9950496554374695,1.008482575416565,8551,9074
Acc_P31_1th,0.5192526627218935,0.5192526627218935,0.03048454225063324,-0.03555130586028099,1.007492184638977,0.9909623861312866,8541,9050
MRNA_Target_CC_comp,0.5192343617920541,0.5192343617920541,0.03153078258037567,-0.039795540273189545,1.0366675853729248,0.9723467230796814,184,182
HotPairingMRNA_he_P3_L1,0.5192307692307693,0.5192307692307693,0.048476435244083405,-0.044790271669626236,1.0315632820129395,0.9677684307098389,2,2
Acc_P33_1th,0.5188516423137303,0.5188516423137303,0.028188928961753845,-0.036393970251083374,1.0000035762786865,0.9974035620689392,8535,9048
MRNA_Down_CG_comp,0.4811558447047458,0.5188441552952542,-0.03883809968829155,0.04150214046239853,0.9424633383750916,1.0481383800506592,72,70
HotPairingMirna_he_P9_L1,0.48131868131868133,0.5186813186813186,-0.04843037202954292,0.04309146851301193,0.9639285206794739,1.0291203260421753,2,2
HotPairingMirna_he_P4_L4,0.4819230769230769,0.5180769230769231,-0.049642570316791534,0.03837645798921585,0.9636499881744385,1.0255738496780396,2,2
Acc_P16_2th,0.5169413174737351,0.5169413174737351,0.02129831351339817,-0.019102877005934715,0.9891734719276428,1.01566743850708,8548,9072
HotPairingMirna_he_P9_L4,0.48307692307692307,0.5169230769230769,-0.041973307728767395,0.041446615010499954,0.9683911800384521,1.0285817384719849,2,2
Acc_P32_1th,0.5167575896630842,0.5167575896630842,0.025132952257990837,-0.03232058510184288,1.0002362728118896,0.9964529871940613,8536,9047
Acc_P37_1th,0.5163760958821398,0.5163760958821398,0.02826276421546936,-0.028346111997961998,1.011701226234436,0.9998090267181396,8528,9032
MRNA_Down_UC_comp,0.48383198889023066,0.5161680111097693,-0.03181587532162666,0.024090223014354706,0.9848378300666809,1.004255771636963,151,137
Acc_P34_1th,0.5158834923318439,0.5158834923318439,0.021113483235239983,-0.0345056913793087,1.0019457340240479,0.9988038539886475,8531,9045
MRNA_Target_UC_comp,0.5157838063035866,0.5157838063035866,0.027012009173631668,-0.027996180579066277,1.0234684944152832,0.9686597585678101,131,125
Acc_P35_1th,0.5156861610916555,0.5156861610916555,0.018515372648835182,-0.035452958196401596,1.0051438808441162,0.9953696727752686,8527,9042
HotPairingMRNA_he_P7_L4,0.5145054945054945,0.5145054945054945,0.033246733248233795,-0.03331683203577995,1.0179778337478638,0.9805237650871277,2,2
HotPairingMRNA_he_P7_L1,0.5144505494505495,0.5144505494505495,0.03984174132347107,-0.03265907242894173,1.0289525985717773,0.9744120836257935,2,2
HotPairingMRNA_he_P5_L2,0.5136263736263736,0.5136263736263736,0.02825591340661049,-0.03394050896167755,1.0150188207626343,0.9805799722671509,2,2
MRNA_Down_GA_comp,0.4864252022702572,0.5135747977297428,-0.022372184321284294,0.03708610683679581,0.9761579632759094,1.0398435592651367,158,142
HotPairingMRNA_he_P7_L2,0.5131868131868131,0.5131868131868131,0.029186666011810303,-0.03091168776154518,1.0153924226760864,0.9824901819229126,2,2
HotPairingMRNA_he_P3_L4,0.5131318681318682,0.5131318681318682,0.02948046661913395,-0.030441628769040108,1.015627384185791,0.9826750159263611,2,2
HotPairingMRNA_he_P2_L4,0.5120329670329671,0.5120329670329671,0.023600870743393898,-0.030916966497898102,1.0122013092041016,0.9829304814338684,2,2
HotPairingMirna_he_P2_L3,0.488021978021978,0.511978021978022,-0.02987554855644703,0.02454950101673603,0.9833163619041443,1.0128445625305176,2,2
Acc_P16_1th,0.5119444451153242,0.5119444451153242,0.018642818555235863,-0.019721370190382004,0.9924105405807495,1.0123645067214966,8548,9073
HotPairingMirna_he_P3_L4,0.5116483516483517,0.5116483516483517,0.018006740137934685,-0.03489074483513832,1.0094717741012573,0.980446457862854,2,2
HotPairingMRNA_he_P1_L1,0.5110989010989011,0.5110989010989011,0.02803725190460682,-0.023842284455895424,1.0164239406585693,0.9851906299591064,2,2
Acc_P15_1th,0.5108993660185968,0.5108993660185968,0.018946358934044838,-0.016215167939662933,0.989848792552948,1.015594482421875,8551,9076
HotPairingMRNA_he_P2_L2,0.5103296703296704,0.5103296703296704,0.02502281591296196,-0.023116571828722954,1.014540433883667,0.9858123660087585,2,2
HotPairingMRNA_he_P9_L4,0.5097802197802198,0.5097802197802198,0.02029949054121971,-0.025535330176353455,1.012113332748413,0.9839563369750977,2,2
MRNA_Down_GU_comp,0.509332677212897,0.509332677212897,0.015321353450417519,-0.02232055924832821,1.000636100769043,0.9846211671829224,161,141
HotPairingMirna_he_P6_L3,0.490989010989011,0.5090109890109891,-0.021535800769925117,0.01904740184545517,0.9885594248771667,1.0096279382705688,2,2
Seed_match_compact_GU_all,0.4912608320251177,0.5087391679748823,-0.04115128517150879,0.02994905598461628,0.9103336334228516,1.0596967935562134,4,4
MRNA_Up_CU_comp,0.49126938775510204,0.508730612244898,-0.014866256155073643,0.011189202778041363,1.0052987337112427,1.0153861045837402,212,190
MRNA_Up_GA_comp,0.4912748399951697,0.5087251600048304,-0.01693156734108925,0.015110979788005352,0.9871469140052795,1.0562390089035034,185,176
miRNAMatchPosition_14,0.5086219780219781,0.5086219780219781,0.042850468307733536,-0.042329709976911545,1.0426338911056519,0.9513435363769531,4,4
HotPairingMRNA_he_P3_L2,0.5082967032967033,0.5082967032967033,0.015936139971017838,-0.022361332550644875,1.0090107917785645,0.9867838025093079,2,2
Seed_match_compact_bulge_mirna,0.49188459727086103,0.508115402729139,-0.02169674262404442,0.023941611871123314,0.9755474925041199,1.0249817371368408,4,3
HotPairingMirna_he_P7_L4,0.5079670329670329,0.5079670329670329,0.015884604305028915,-0.021634578704833984,1.0096968412399292,0.9862281084060669,2,2
MRNA_Up_UG_comp,0.492055422050477,0.5079445779495231,-0.009892823174595833,0.010837452486157417,1.0263562202453613,1.0177162885665894,190,187
Seed_match_compact_GU_2_7,0.49251497403695205,0.5074850259630479,-0.04948169365525246,0.04044999182224274,0.8251797556877136,1.1233689785003662,3,4
miRNAPairingCount_Seed_bulge,0.4928784808597995,0.5071215191402005,-0.010089831426739693,0.015998028218746185,1.003749132156372,0.9852232336997986,4,4
HotPairingMRNA_he_P9_L2,0.5068131868131868,0.5068131868131868,0.012576824054121971,-0.018596382811665535,1.006881594657898,0.9894440174102783,2,2
HotPairingMRNA_he_P8_L2,0.5057142857142857,0.5057142857142857,0.01612934097647667,-0.01012636162340641,1.0089466571807861,0.9942082762718201,2,2
Seed_match_compact_mismatch_right,0.5055494505494506,0.5055494505494506,0.014111178927123547,-0.016374893486499786,1.0130984783172607,0.9843283295631409,2,2
MRNA_Down_AC_comp,0.505068856418307,0.505068856418307,0.007329667452722788,-0.010517766699194908,0.9976281523704529,1.002640962600708,151,128
miRNAMatchPosition_2,0.5050026687598116,0.5050026687598116,0.0016231293557211757,0.010405187495052814,0.9875969290733337,1.010944128036499,4,4
HotPairingMRNA_he_P8_L4,0.4950549450549451,0.5049450549450549,-0.019785704091191292,0.0037565764505416155,0.9869491457939148,1.002414584159851,2,2
HotPairingMRNA_he_P1_L4,0.5047252747252747,0.5047252747252747,0.012657562270760536,-0.009296362288296223,1.0073715448379517,0.9944484829902649,2,2
Seed_match_compact_GU_3_8,0.49531912812462264,0.5046808718753774,-0.03891077637672424,0.02984384074807167,0.8338785767555237,1.1105986833572388,3,3
HotPairingMirna_he_P1_L1,0.49543956043956044,0.5045604395604395,-0.0025562180671840906,0.019908608868718147,0.9981577396392822,1.0140129327774048,2,2
Seed_match_compact_A,0.5045054945054945,0.5045054945054945,0.015163930132985115,-0.006985494401305914,1.0106627941131592,0.9949718713760376,2,2
HotPairingMirna_he_P7_L3,0.5044505494505495,0.5044505494505495,0.01044217124581337,-0.009577125310897827,1.0053027868270874,0.9950154423713684,2,2
HotPairingMRNA_he_P4_L4,0.5039010989010989,0.5039010989010989,0.013780254870653152,-0.00429178774356842,1.0079240798950195,0.9974804520606995,2,2
MRNA_Up_GU_comp,0.5035309926337399,0.5035309926337399,0.009172264486551285,-0.011369670741260052,1.0119222402572632,0.9842004179954529,164,157
Seed_match_compact_interactions_all,0.5032582840236687,0.5032582840236687,0.003844337770715356,-0.011117679066956043,1.0001744031906128,0.9927768707275391,6,6
miRNAPairingCount_Seed_bulge_nt,0.4967417159763314,0.5032582840236686,-0.003844337770715356,0.011117679066956043,1.0001744031906128,0.9927768707275391,6,6
Energy_MEF_Seed,0.5031914382320976,0.5031914382320976,0.018060270696878433,-0.021252894774079323,0.849462628364563,1.1253947019577026,36,44
HotPairingMRNA_he_P4_L2,0.49736263736263736,0.5026373626373626,-0.012210764922201633,5.675347347278148e-05,0.9926514625549316,1.0000336170196533,2,2
HotPairingMRNA_he_P6_L4,0.49736263736263736,0.5026373626373626,-0.00769995991140604,0.004711877088993788,0.9951858520507812,1.0029054880142212,2,2
HotPairingMRNA_he_P6_L2,0.5024725274725275,0.5024725274725275,0.003472777083516121,-0.007869932800531387,1.0019421577453613,0.9955398440361023,2,2
MRNA_Up_UC_comp,0.502431717183915,0.502431717183915,0.0008321917266584933,-0.008767634630203247,0.9954025745391846,0.9968023896217346,184,169
MRNA_Up_CA_comp,0.49771123656563215,0.5022887634343678,-0.004724912345409393,-0.0013526086695492268,1.006917953491211,1.014574408531189,199,184
HotPairingMirna_he_P6_L2,0.4978021978021978,0.5021978021978022,-0.01335473358631134,-0.0036324062384665012,0.9935831427574158,0.9982764720916748,2,2
HotPairingMirna_he_P5_L1,0.49824175824175826,0.5017582417582418,-0.009532651863992214,-0.0011111907660961151,0.9936557412147522,0.9992672204971313,2,2
i_23,0.5014835164835165,0.5014835164835165,0.03987060859799385,-0.03810569643974304,1.4294079542160034,0.0,2,1
MRNA_Down_UG_comp,0.49923743509238017,0.5007625649076198,-0.0036354348994791508,0.003956303931772709,0.9863163828849792,0.9959815144538879,164,159
miRNAPairingCount_Total_AU,0.5007214466851829,0.5007214466851829,-0.0018830301705747843,0.002061219187453389,1.0197850465774536,0.99200838804245,16,15
HotPairingMirna_he_P8_L1,0.5003846153846154,0.5003846153846154,-0.0010961981024593115,-0.0029255340341478586,0.9992939829826355,0.9981118440628052,2,2
HotPairingMRNA_he_P5_L4,0.49967032967032965,0.5003296703296704,-0.004083771724253893,-0.0025389501824975014,0.997496485710144,0.9984461665153503,2,2
i_24,0.5001098901098902,0.5001098901098902,0.0054362500086426735,-0.012355099432170391,1.1999598741531372,9.313225746154785e-10,2,1
i_25,0.5000549450549451,0.5000549450549451,0.0038438558112829924,-0.00873604230582714,1.1999797821044922,1.862645149230957e-09,2,1
i_30,0.5,0.5,0.0,0.0,0.0,0.0,1,1
constraint,0.5,0.5,0.0,0.0,0.0,0.0,1,1
HotPairingMirna_he_P8_L5,0.5,0.5,0.0,0.0,0.0,0.0,1,1
i_43,0.5,0.5,0.0,0.0,0.0,0.0,1,1
i_31,0.5,0.5,0.0,0.0,0.0,0.0,1,1
i_27,0.5,0.5,0.0,0.0,0.0,0.0,1,1
i_26,0.5,0.5,0.0,0.0,0.0,0.0,1,1
i_28,0.5,0.5,0.0,0.0,0.0,0.0,1,1
i_29,0.5,0.5,0.0,0.0,0.0,0.0,1,1
miRNAPairingCount_Seed_mismatch,0.5,0.5,0.0,0.0,0.0,0.0,1,1
miRNAPairingCount_X3p_mismatch,0.5,0.5,0.0,0.0,0.0,0.0,1,1
HotPairingMirna_he_P3_L5,0.5,0.5,0.0,0.0,0.0,0.0,1,1
HotPairingMRNA_he_P4_L5,0.5,0.5,0.0,0.0,0.0,0.0,1,1
HotPairingMRNA_he_P1_L5,0.5,0.5,0.0,0.0,0.0,0.0,1,1
HotPairingMRNA_he_P2_L5,0.5,0.5,0.0,0.0,0.0,0.0,1,1
HotPairingMRNA_he_P5_L5,0.5,0.5,0.0,0.0,0.0,0.0,1,1
HotPairingMRNA_he_P6_L5,0.5,0.5,0.0,0.0,0.0,0.0,1,1
HotPairingMRNA_he_P3_L5,0.5,0.5,0.0,0.0,0.0,0.0,1,1
miRNAPairingCount_Total_mismatch,0.5,0.5,0.0,0.0,0.0,0.0,1,1
HotPairingMRNA_he_P8_L5,0.5,0.5,0.0,0.0,0.0,0.0,1,1
HotPairingMRNA_he_P9_L5,0.5,0.5,0.0,0.0,0.0,0.0,1,1
HotPairingMRNA_he_P7_L5,0.5,0.5,0.0,0.0,0.0,0.0,1,1
HotPairingMirna_he_P6_L5,0.5,0.5,0.0,0.0,0.0,0.0,1,1
HotPairingMirna_he_P2_L5,0.5,0.5,0.0,0.0,0.0,0.0,1,1
HotPairingMirna_he_P1_L5,0.5,0.5,0.0,0.0,0.0,0.0,1,1
HotPairingMirna_he_P7_L5,0.5,0.5,0.0,0.0,0.0,0.0,1,1
HotPairingMirna_he_P5_L5,0.5,0.5,0.0,0.0,0.0,0.0,1,1
HotPairingMirna_he_P9_L5,0.5,0.5,0.0,0.0,0.0,0.0,1,1
HotPairingMirna_he_P4_L5,0.5,0.5,0.0,0.0,0.0,0.0,1,1
i_34,0.5,0.5,0.0,0.0,0.0,0.0,1,1
i_35,0.5,0.5,0.0,0.0,0.0,0.0,1,1
i_32,0.5,0.5,0.0,0.0,0.0,0.0,1,1
i_33,0.5,0.5,0.0,0.0,0.0,0.0,1,1
i_37,0.5,0.5,0.0,0.0,0.0,0.0,1,1
i_36,0.5,0.5,0.0,0.0,0.0,0.0,1,1
i_38,0.5,0.5,0.0,0.0,0.0,0.0,1,1
i_39,0.5,0.5,0.0,0.0,0.0,0.0,1,1
i_41,0.5,0.5,0.0,0.0,0.0,0.0,1,1
i_40,0.5,0.5,0.0,0.0,0.0,0.0,1,1
i_42,0.5,0.5,0.0,0.0,0.0,0.0,1,1
valid_seed,0.5,0.5,1.0,1.0,0.0,0.0,1,1
