feature,pos_missing_rate,neg_missing_rate,missing_gap,drop
i_13,0.0,1.0,1.0,True
i_12,0.0,1.0,1.0,True
i_11,0.0,1.0,1.0,True
i_10,0.0,1.0,1.0,True
i_9,0.0,1.0,1.0,True
i_8,0.0,1.0,1.0,True
i_7,0.0,1.0,1.0,True
i_6,0.0,1.0,1.0,True
i_14,0.0,1.0,1.0,True
i_4,0.0,1.0,1.0,True
i_2,0.0,1.0,1.0,True
valid_seed,0.0,1.0,1.0,True
i_1,0.0,1.0,1.0,True
i_3,0.0,1.0,1.0,True
i_0,0.0,1.0,1.0,True
i_5,0.0,1.0,1.0,True
i_15,0.00010989010989010989,1.0,0.9998901098901098,True
i_16,0.0007692307692307692,1.0,0.9992307692307693,True
i_17,0.001978021978021978,1.0,0.998021978021978,True
i_18,0.003956043956043956,1.0,0.996043956043956,True
i_19,0.009120879120879121,1.0,0.9908791208791209,True
i_20,0.02758241758241758,1.0,0.9724175824175825,True
i_21,0.1312087912087912,1.0,0.8687912087912089,True
i_22,0.5306593406593406,1.0,0.4693406593406594,True
i_23,0.8568131868131869,1.0,0.14318681318681314,True
i_24,0.9718681318681318,1.0,0.028131868131868187,True
i_25,0.9975824175824176,1.0,0.002417582417582387,True
i_26,0.9998901098901098,1.0,0.00010989010989015391,True
Acc_P25_7th,0.0,0.0,0.0,False
Acc_P25_6th,0.0,0.0,0.0,False
Acc_P25_5th,0.0,0.0,0.0,False
Acc_P25_9th,0.0,0.0,0.0,False
Acc_P25_1th,0.0,0.0,0.0,False
Acc_P25_3th,0.0,0.0,0.0,False
Acc_P25_4th,0.0,0.0,0.0,False
Acc_P25_8th,0.0,0.0,0.0,False
Acc_P26_10th,0.0,0.0,0.0,False
Acc_P26_1th,0.0,0.0,0.0,False
Acc_P26_2th,0.0,0.0,0.0,False
Acc_P26_3th,0.0,0.0,0.0,False
Acc_P26_4th,0.0,0.0,0.0,False
Acc_P26_5th,0.0,0.0,0.0,False
Acc_P26_6th,0.0,0.0,0.0,False
Acc_P26_7th,0.0,0.0,0.0,False
Acc_P26_9th,0.0,0.0,0.0,False
Acc_P25_2th,0.0,0.0,0.0,False
Acc_P23_2th,0.0,0.0,0.0,False
Acc_P23_4th,0.0,0.0,0.0,False
Acc_P23_5th,0.0,0.0,0.0,False
Acc_P23_6th,0.0,0.0,0.0,False
Acc_P23_7th,0.0,0.0,0.0,False
Acc_P23_8th,0.0,0.0,0.0,False
Acc_P23_9th,0.0,0.0,0.0,False
Acc_P24_10th,0.0,0.0,0.0,False
Acc_P26_8th,0.0,0.0,0.0,False
Acc_P24_2th,0.0,0.0,0.0,False
Acc_P24_3th,0.0,0.0,0.0,False
Acc_P24_4th,0.0,0.0,0.0,False
Acc_P24_5th,0.0,0.0,0.0,False
Acc_P24_6th,0.0,0.0,0.0,False
Acc_P24_7th,0.0,0.0,0.0,False
Acc_P24_8th,0.0,0.0,0.0,False
Acc_P24_9th,0.0,0.0,0.0,False
Acc_P25_10th,0.0,0.0,0.0,False
Acc_P24_1th,0.0,0.0,0.0,False
Acc_P28_9th,0.0,0.0,0.0,False
Acc_P29_10th,0.0,0.0,0.0,False
Acc_P29_1th,0.0,0.0,0.0,False
Acc_P29_2th,0.0,0.0,0.0,False
Acc_P29_3th,0.0,0.0,0.0,False
Acc_P29_4th,0.0,0.0,0.0,False
Acc_P29_5th,0.0,0.0,0.0,False
Acc_P29_6th,0.0,0.0,0.0,False
Acc_P23_3th,0.0,0.0,0.0,False
Acc_P29_8th,0.0,0.0,0.0,False
Acc_P29_9th,0.0,0.0,0.0,False
Acc_P2_10th,0.0,0.0,0.0,False
Acc_P2_1th,0.0,0.0,0.0,False
Acc_P2_2th,0.0,0.0,0.0,False
Acc_P2_3th,0.0,0.0,0.0,False
Acc_P2_4th,0.0,0.0,0.0,False
Acc_P2_5th,0.0,0.0,0.0,False
Acc_P2_7th,0.0,0.0,0.0,False
Acc_P29_7th,0.0,0.0,0.0,False
Acc_P27_10th,0.0,0.0,0.0,False
Acc_P27_1th,0.0,0.0,0.0,False
Acc_P27_2th,0.0,0.0,0.0,False
Acc_P27_3th,0.0,0.0,0.0,False
Acc_P27_4th,0.0,0.0,0.0,False
Acc_P27_5th,0.0,0.0,0.0,False
Acc_P27_6th,0.0,0.0,0.0,False
Acc_P27_7th,0.0,0.0,0.0,False
Acc_P28_8th,0.0,0.0,0.0,False
Acc_P27_9th,0.0,0.0,0.0,False
Acc_P28_10th,0.0,0.0,0.0,False
Acc_P28_1th,0.0,0.0,0.0,False
Acc_P28_2th,0.0,0.0,0.0,False
Acc_P28_3th,0.0,0.0,0.0,False
Acc_P28_4th,0.0,0.0,0.0,False
Acc_P28_5th,0.0,0.0,0.0,False
Acc_P28_6th,0.0,0.0,0.0,False
Acc_P28_7th,0.0,0.0,0.0,False
Acc_P27_8th,0.0,0.0,0.0,False
Acc_P18_7th,0.0,0.0,0.0,False
Acc_P18_8th,0.0,0.0,0.0,False
Acc_P18_9th,0.0,0.0,0.0,False
Acc_P19_10th,0.0,0.0,0.0,False
Acc_P19_1th,0.0,0.0,0.0,False
Acc_P19_2th,0.0,0.0,0.0,False
Acc_P19_3th,0.0,0.0,0.0,False
Acc_P19_4th,0.0,0.0,0.0,False
Acc_P2_6th,0.0,0.0,0.0,False
Acc_P19_6th,0.0,0.0,0.0,False
Acc_P19_7th,0.0,0.0,0.0,False
Acc_P19_8th,0.0,0.0,0.0,False
Acc_P19_9th,0.0,0.0,0.0,False
Acc_P1_10th,0.0,0.0,0.0,False
Acc_P1_1th,0.0,0.0,0.0,False
Acc_P1_2th,0.0,0.0,0.0,False
Acc_P1_3th,0.0,0.0,0.0,False
Acc_P19_5th,0.0,0.0,0.0,False
Acc_P16_7th,0.0,0.0,0.0,False
Acc_P16_9th,0.0,0.0,0.0,False
Acc_P17_10th,0.0,0.0,0.0,False
Acc_P17_1th,0.0,0.0,0.0,False
Acc_P17_2th,0.0,0.0,0.0,False
Acc_P17_3th,0.0,0.0,0.0,False
Acc_P17_4th,0.0,0.0,0.0,False
Acc_P17_5th,0.0,0.0,0.0,False
Acc_P18_6th,0.0,0.0,0.0,False
Acc_P17_7th,0.0,0.0,0.0,False
Acc_P17_8th,0.0,0.0,0.0,False
Acc_P17_9th,0.0,0.0,0.0,False
Acc_P18_10th,0.0,0.0,0.0,False
Acc_P18_1th,0.0,0.0,0.0,False
Acc_P18_2th,0.0,0.0,0.0,False
Acc_P18_3th,0.0,0.0,0.0,False
Acc_P18_4th,0.0,0.0,0.0,False
Acc_P18_5th,0.0,0.0,0.0,False
Acc_P17_6th,0.0,0.0,0.0,False
Acc_P21_4th,0.0,0.0,0.0,False
Acc_P21_5th,0.0,0.0,0.0,False
Acc_P21_6th,0.0,0.0,0.0,False
Acc_P21_7th,0.0,0.0,0.0,False
Acc_P21_8th,0.0,0.0,0.0,False
Acc_P21_9th,0.0,0.0,0.0,False
Acc_P22_10th,0.0,0.0,0.0,False
Acc_P22_1th,0.0,0.0,0.0,False
Acc_P1_4th,0.0,0.0,0.0,False
Acc_P22_3th,0.0,0.0,0.0,False
Acc_P22_4th,0.0,0.0,0.0,False
Acc_P22_5th,0.0,0.0,0.0,False
Acc_P22_6th,0.0,0.0,0.0,False
Acc_P22_7th,0.0,0.0,0.0,False
Acc_P22_8th,0.0,0.0,0.0,False
Acc_P22_9th,0.0,0.0,0.0,False
Acc_P23_10th,0.0,0.0,0.0,False
Acc_P23_1th,0.0,0.0,0.0,False
Acc_P22_2th,0.0,0.0,0.0,False
Acc_P1_5th,0.0,0.0,0.0,False
Acc_P1_6th,0.0,0.0,0.0,False
Acc_P1_7th,0.0,0.0,0.0,False
Acc_P1_8th,0.0,0.0,0.0,False
Acc_P1_9th,0.0,0.0,0.0,False
Acc_P20_10th,0.0,0.0,0.0,False
Acc_P20_1th,0.0,0.0,0.0,False
Acc_P20_2th,0.0,0.0,0.0,False
Acc_P21_3th,0.0,0.0,0.0,False
Acc_P20_4th,0.0,0.0,0.0,False
Acc_P20_5th,0.0,0.0,0.0,False
Acc_P20_6th,0.0,0.0,0.0,False
Acc_P20_7th,0.0,0.0,0.0,False
Acc_P20_8th,0.0,0.0,0.0,False
Acc_P20_9th,0.0,0.0,0.0,False
Acc_P21_10th,0.0,0.0,0.0,False
Acc_P21_1th,0.0,0.0,0.0,False
Acc_P21_2th,0.0,0.0,0.0,False
Acc_P20_3th,0.0,0.0,0.0,False
Acc_P4_2th,0.0,0.0,0.0,False
Acc_P4_3th,0.0,0.0,0.0,False
Acc_P4_4th,0.0,0.0,0.0,False
Acc_P4_5th,0.0,0.0,0.0,False
Acc_P4_6th,0.0,0.0,0.0,False
Acc_P4_7th,0.0,0.0,0.0,False
Acc_P4_8th,0.0,0.0,0.0,False
Acc_P4_9th,0.0,0.0,0.0,False
Acc_P16_8th,0.0,0.0,0.0,False
Acc_P5_1th,0.0,0.0,0.0,False
Acc_P5_2th,0.0,0.0,0.0,False
Acc_P5_3th,0.0,0.0,0.0,False
Acc_P5_4th,0.0,0.0,0.0,False
Acc_P5_5th,0.0,0.0,0.0,False
Acc_P5_6th,0.0,0.0,0.0,False
Acc_P5_7th,0.0,0.0,0.0,False
Acc_P5_8th,0.0,0.0,0.0,False
Acc_P5_10th,0.0,0.0,0.0,False
Acc_P37_3th,0.0,0.0,0.0,False
Acc_P37_4th,0.0,0.0,0.0,False
Acc_P37_5th,0.0,0.0,0.0,False
Acc_P37_6th,0.0,0.0,0.0,False
Acc_P37_7th,0.0,0.0,0.0,False
Acc_P37_8th,0.0,0.0,0.0,False
Acc_P37_9th,0.0,0.0,0.0,False
Acc_P3_10th,0.0,0.0,0.0,False
Acc_P4_1th,0.0,0.0,0.0,False
Acc_P3_2th,0.0,0.0,0.0,False
Acc_P3_3th,0.0,0.0,0.0,False
Acc_P3_4th,0.0,0.0,0.0,False
Acc_P3_5th,0.0,0.0,0.0,False
Acc_P3_6th,0.0,0.0,0.0,False
Acc_P3_7th,0.0,0.0,0.0,False
Acc_P3_8th,0.0,0.0,0.0,False
Acc_P3_9th,0.0,0.0,0.0,False
Acc_P4_10th,0.0,0.0,0.0,False
Acc_P3_1th,0.0,0.0,0.0,False
Acc_P7_9th,0.0,0.0,0.0,False
Acc_P8_10th,0.0,0.0,0.0,False
Acc_P8_1th,0.0,0.0,0.0,False
Acc_P8_2th,0.0,0.0,0.0,False
Acc_P8_5th,0.0,0.0,0.0,False
Acc_P8_6th,0.0,0.0,0.0,False
Acc_P8_7th,0.0,0.0,0.0,False
Acc_P8_8th,0.0,0.0,0.0,False
Acc_P5_9th,0.0,0.0,0.0,False
Acc_P9_10th,0.0,0.0,0.0,False
Acc_P9_1th,0.0,0.0,0.0,False
Acc_P9_2th,0.0,0.0,0.0,False
Acc_P9_3th,0.0,0.0,0.0,False
Acc_P9_4th,0.0,0.0,0.0,False
Acc_P9_5th,0.0,0.0,0.0,False
Acc_P9_6th,0.0,0.0,0.0,False
Acc_P9_7th,0.0,0.0,0.0,False
Acc_P6_8th,0.0,0.0,0.0,False
Acc_P8_9th,0.0,0.0,0.0,False
Acc_P6_10th,0.0,0.0,0.0,False
Acc_P6_1th,0.0,0.0,0.0,False
Acc_P6_2th,0.0,0.0,0.0,False
Acc_P6_3th,0.0,0.0,0.0,False
Acc_P6_4th,0.0,0.0,0.0,False
Acc_P6_5th,0.0,0.0,0.0,False
Acc_P6_6th,0.0,0.0,0.0,False
Acc_P6_7th,0.0,0.0,0.0,False
Acc_P7_8th,0.0,0.0,0.0,False
Acc_P6_9th,0.0,0.0,0.0,False
Acc_P7_10th,0.0,0.0,0.0,False
Acc_P7_1th,0.0,0.0,0.0,False
Acc_P7_2th,0.0,0.0,0.0,False
Acc_P7_3th,0.0,0.0,0.0,False
Acc_P7_4th,0.0,0.0,0.0,False
Acc_P7_5th,0.0,0.0,0.0,False
Acc_P7_6th,0.0,0.0,0.0,False
Acc_P7_7th,0.0,0.0,0.0,False
canonic_seed,0.0,0.0,0.0,False
Acc_P31_7th,0.0,0.0,0.0,False
Acc_P31_8th,0.0,0.0,0.0,False
Acc_P31_9th,0.0,0.0,0.0,False
Acc_P32_10th,0.0,0.0,0.0,False
Acc_P32_1th,0.0,0.0,0.0,False
Acc_P32_2th,0.0,0.0,0.0,False
Acc_P32_3th,0.0,0.0,0.0,False
Acc_P32_4th,0.0,0.0,0.0,False
Acc_P37_2th,0.0,0.0,0.0,False
Acc_P32_6th,0.0,0.0,0.0,False
Acc_P32_7th,0.0,0.0,0.0,False
Acc_P32_8th,0.0,0.0,0.0,False
Acc_P32_9th,0.0,0.0,0.0,False
Acc_P33_10th,0.0,0.0,0.0,False
Acc_P33_1th,0.0,0.0,0.0,False
Acc_P33_2th,0.0,0.0,0.0,False
Acc_P33_3th,0.0,0.0,0.0,False
Acc_P32_5th,0.0,0.0,0.0,False
Acc_P2_8th,0.0,0.0,0.0,False
Acc_P2_9th,0.0,0.0,0.0,False
Acc_P30_10th,0.0,0.0,0.0,False
Acc_P30_1th,0.0,0.0,0.0,False
Acc_P30_2th,0.0,0.0,0.0,False
Acc_P30_3th,0.0,0.0,0.0,False
Acc_P30_4th,0.0,0.0,0.0,False
Acc_P30_5th,0.0,0.0,0.0,False
Acc_P31_6th,0.0,0.0,0.0,False
Acc_P30_7th,0.0,0.0,0.0,False
Acc_P30_8th,0.0,0.0,0.0,False
Acc_P30_9th,0.0,0.0,0.0,False
Acc_P31_10th,0.0,0.0,0.0,False
Acc_P31_1th,0.0,0.0,0.0,False
Acc_P31_2th,0.0,0.0,0.0,False
Acc_P31_3th,0.0,0.0,0.0,False
Acc_P31_4th,0.0,0.0,0.0,False
Acc_P31_5th,0.0,0.0,0.0,False
Acc_P30_6th,0.0,0.0,0.0,False
Acc_P35_4th,0.0,0.0,0.0,False
Acc_P35_5th,0.0,0.0,0.0,False
Acc_P35_6th,0.0,0.0,0.0,False
Acc_P35_7th,0.0,0.0,0.0,False
Acc_P35_8th,0.0,0.0,0.0,False
Acc_P35_9th,0.0,0.0,0.0,False
Acc_P36_10th,0.0,0.0,0.0,False
Acc_P36_1th,0.0,0.0,0.0,False
Acc_P33_4th,0.0,0.0,0.0,False
Acc_P36_3th,0.0,0.0,0.0,False
Acc_P36_4th,0.0,0.0,0.0,False
Acc_P36_5th,0.0,0.0,0.0,False
Acc_P36_6th,0.0,0.0,0.0,False
Acc_P36_7th,0.0,0.0,0.0,False
Acc_P36_8th,0.0,0.0,0.0,False
Acc_P36_9th,0.0,0.0,0.0,False
Acc_P37_10th,0.0,0.0,0.0,False
Acc_P37_1th,0.0,0.0,0.0,False
Acc_P36_2th,0.0,0.0,0.0,False
Acc_P33_5th,0.0,0.0,0.0,False
Acc_P33_6th,0.0,0.0,0.0,False
Acc_P33_7th,0.0,0.0,0.0,False
Acc_P33_8th,0.0,0.0,0.0,False
Acc_P33_9th,0.0,0.0,0.0,False
Acc_P34_10th,0.0,0.0,0.0,False
Acc_P34_1th,0.0,0.0,0.0,False
Acc_P34_2th,0.0,0.0,0.0,False
Acc_P35_3th,0.0,0.0,0.0,False
Acc_P34_4th,0.0,0.0,0.0,False
Acc_P34_5th,0.0,0.0,0.0,False
Acc_P34_6th,0.0,0.0,0.0,False
Acc_P34_7th,0.0,0.0,0.0,False
Acc_P34_8th,0.0,0.0,0.0,False
Acc_P34_9th,0.0,0.0,0.0,False
Acc_P35_10th,0.0,0.0,0.0,False
Acc_P35_1th,0.0,0.0,0.0,False
Acc_P35_2th,0.0,0.0,0.0,False
Acc_P34_3th,0.0,0.0,0.0,False
MRNA_Target_UG_comp,0.0,0.0,0.0,False
MRNA_Target_UU_comp,0.0,0.0,0.0,False
MRNA_Target_U_comp,0.0,0.0,0.0,False
MRNA_Up_AA_comp,0.0,0.0,0.0,False
MRNA_Up_AC_comp,0.0,0.0,0.0,False
MRNA_Up_AG_comp,0.0,0.0,0.0,False
MRNA_Up_AU_comp,0.0,0.0,0.0,False
MRNA_Up_A_comp,0.0,0.0,0.0,False
Acc_P9_8th,0.0,0.0,0.0,False
MRNA_Up_CC_comp,0.0,0.0,0.0,False
MRNA_Up_CG_comp,0.0,0.0,0.0,False
MRNA_Up_CU_comp,0.0,0.0,0.0,False
MRNA_Up_C_comp,0.0,0.0,0.0,False
MRNA_Up_GA_comp,0.0,0.0,0.0,False
MRNA_Up_GC_comp,0.0,0.0,0.0,False
MRNA_Up_GG_comp,0.0,0.0,0.0,False
MRNA_Up_GU_comp,0.0,0.0,0.0,False
MRNA_Up_CA_comp,0.0,0.0,0.0,False
MRNA_Dist_to_start,0.0,0.0,0.0,False
MRNA_Dist_to_end,0.0,0.0,0.0,False
MRNA_Target_AA_comp,0.0,0.0,0.0,False
MRNA_Target_AC_comp,0.0,0.0,0.0,False
MRNA_Target_AG_comp,0.0,0.0,0.0,False
MRNA_Target_AU_comp,0.0,0.0,0.0,False
MRNA_Target_A_comp,0.0,0.0,0.0,False
MRNA_Target_CA_comp,0.0,0.0,0.0,False
MRNA_Target_UC_comp,0.0,0.0,0.0,False
MRNA_Target_CG_comp,0.0,0.0,0.0,False
MRNA_Target_CU_comp,0.0,0.0,0.0,False
MRNA_Target_C_comp,0.0,0.0,0.0,False
MRNA_Target_GA_comp,0.0,0.0,0.0,False
MRNA_Target_GC_comp,0.0,0.0,0.0,False
MRNA_Target_GG_comp,0.0,0.0,0.0,False
MRNA_Target_GU_comp,0.0,0.0,0.0,False
MRNA_Target_G_comp,0.0,0.0,0.0,False
MRNA_Target_UA_comp,0.0,0.0,0.0,False
MRNA_Target_CC_comp,0.0,0.0,0.0,False
MRNA_Down_G_comp,0.0,0.0,0.0,False
MRNA_Down_UA_comp,0.0,0.0,0.0,False
MRNA_Down_UC_comp,0.0,0.0,0.0,False
MRNA_Down_UG_comp,0.0,0.0,0.0,False
MRNA_Down_UU_comp,0.0,0.0,0.0,False
MRNA_Down_U_comp,0.0,0.0,0.0,False
HotPairingMRNA_he_P1_L1,0.0,0.0,0.0,False
HotPairingMRNA_he_P1_L2,0.0,0.0,0.0,False
MRNA_Up_G_comp,0.0,0.0,0.0,False
HotPairingMRNA_he_P1_L4,0.0,0.0,0.0,False
HotPairingMRNA_he_P1_L5,0.0,0.0,0.0,False
HotPairingMRNA_he_P2_L1,0.0,0.0,0.0,False
HotPairingMRNA_he_P2_L2,0.0,0.0,0.0,False
HotPairingMRNA_he_P2_L3,0.0,0.0,0.0,False
HotPairingMRNA_he_P2_L4,0.0,0.0,0.0,False
HotPairingMRNA_he_P2_L5,0.0,0.0,0.0,False
HotPairingMRNA_he_P3_L1,0.0,0.0,0.0,False
HotPairingMRNA_he_P3_L2,0.0,0.0,0.0,False
HotPairingMRNA_he_P1_L3,0.0,0.0,0.0,False
MRNA_Up_UA_comp,0.0,0.0,0.0,False
MRNA_Up_UC_comp,0.0,0.0,0.0,False
MRNA_Up_UG_comp,0.0,0.0,0.0,False
MRNA_Up_UU_comp,0.0,0.0,0.0,False
MRNA_Up_U_comp,0.0,0.0,0.0,False
MRNA_Down_AA_comp,0.0,0.0,0.0,False
MRNA_Down_AC_comp,0.0,0.0,0.0,False
MRNA_Down_AG_comp,0.0,0.0,0.0,False
MRNA_Down_GU_comp,0.0,0.0,0.0,False
MRNA_Down_A_comp,0.0,0.0,0.0,False
MRNA_Down_CA_comp,0.0,0.0,0.0,False
MRNA_Down_CC_comp,0.0,0.0,0.0,False
MRNA_Down_CG_comp,0.0,0.0,0.0,False
MRNA_Down_CU_comp,0.0,0.0,0.0,False
MRNA_Down_C_comp,0.0,0.0,0.0,False
MRNA_Down_GA_comp,0.0,0.0,0.0,False
MRNA_Down_GC_comp,0.0,0.0,0.0,False
MRNA_Down_GG_comp,0.0,0.0,0.0,False
MRNA_Down_AU_comp,0.0,0.0,0.0,False
i_41,1.0,1.0,0.0,True
i_42,1.0,1.0,0.0,True
i_43,1.0,1.0,0.0,True
site_start,0.0,0.0,0.0,False
constraint,0.0,0.0,0.0,False
duplex_RNAplex_equals,0.0,0.0,0.0,False
Seed_match_compact_A,0.0,0.0,0.0,False
Seed_match_compact_GU_2_7,0.0,0.0,0.0,False
miRNAPairingCount_X3p_mismatch,0.0,0.0,0.0,False
Seed_match_compact_GU_all,0.0,0.0,0.0,False
Seed_match_compact_bulge_mirna,0.0,0.0,0.0,False
Seed_match_compact_bulge_target,0.0,0.0,0.0,False
Seed_match_compact_interactions_2_7,0.0,0.0,0.0,False
Seed_match_compact_interactions_3_8,0.0,0.0,0.0,False
Seed_match_compact_interactions_all,0.0,0.0,0.0,False
Seed_match_compact_mismatch_inner,0.0,0.0,0.0,False
Seed_match_compact_mismatch_left,0.0,0.0,0.0,False
Seed_match_compact_mismatch_right,0.0,0.0,0.0,False
Seed_match_compact_GU_3_8,0.0,0.0,0.0,False
Acc_P8_4th,0.0,0.0,0.0,False
Acc_P8_3th,0.0,0.0,0.0,False
Acc_P9_9th,0.0,0.0,0.0,False
num_of_pairs,0.0,0.0,0.0,False
non_canonic_seed,0.0,0.0,0.0,False
i_27,1.0,1.0,0.0,True
i_28,1.0,1.0,0.0,True
i_29,1.0,1.0,0.0,True
i_40,1.0,1.0,0.0,True
i_31,1.0,1.0,0.0,True
i_32,1.0,1.0,0.0,True
i_33,1.0,1.0,0.0,True
i_34,1.0,1.0,0.0,True
i_35,1.0,1.0,0.0,True
i_36,1.0,1.0,0.0,True
i_37,1.0,1.0,0.0,True
i_38,1.0,1.0,0.0,True
i_39,1.0,1.0,0.0,True
i_30,1.0,1.0,0.0,True
miRNAMatchPosition_9,0.0,0.0,0.0,False
miRNAPairingCount_Seed_AU,0.0,0.0,0.0,False
miRNAPairingCount_Seed_GC,0.0,0.0,0.0,False
miRNAPairingCount_Seed_GU,0.0,0.0,0.0,False
miRNAPairingCount_Seed_bulge,0.0,0.0,0.0,False
miRNAPairingCount_Seed_bulge_nt,0.0,0.0,0.0,False
miRNAPairingCount_Seed_mismatch,0.0,0.0,0.0,False
miRNAPairingCount_Total_AU,0.0,0.0,0.0,False
Seed_match_compact_start,0.0,0.0,0.0,False
miRNAPairingCount_Total_GU,0.0,0.0,0.0,False
miRNAPairingCount_Total_bulge,0.0,0.0,0.0,False
miRNAPairingCount_Total_bulge_nt,0.0,0.0,0.0,False
miRNAPairingCount_Total_mismatch,0.0,0.0,0.0,False
miRNAPairingCount_X3p_AU,0.0,0.0,0.0,False
miRNAPairingCount_X3p_GC,0.0,0.0,0.0,False
miRNAPairingCount_X3p_GU,0.0,0.0,0.0,False
miRNAPairingCount_X3p_bulge,0.0,0.0,0.0,False
miRNAPairingCount_X3p_bulge_nt,0.0,0.0,0.0,False
miRNAPairingCount_Total_GC,0.0,0.0,0.0,False
miRNAMatchPosition_1,0.0,0.0,0.0,False
miRNAMatchPosition_10,0.0,0.0,0.0,False
miRNAMatchPosition_11,0.0,0.0,0.0,False
miRNAMatchPosition_12,0.0,0.0,0.0,False
miRNAMatchPosition_13,0.0,0.0,0.0,False
miRNAMatchPosition_14,0.0,0.0,0.0,False
miRNAMatchPosition_15,0.0,0.0,0.0,False
miRNAMatchPosition_16,0.0,0.0,0.0,False
miRNAMatchPosition_8,0.0,0.0,0.0,False
miRNAMatchPosition_18,0.0,0.0,0.0,False
miRNAMatchPosition_19,0.0,0.0,0.0,False
miRNAMatchPosition_2,0.0,0.0,0.0,False
miRNAMatchPosition_20,0.0,0.0,0.0,False
miRNAMatchPosition_3,0.0,0.0,0.0,False
miRNAMatchPosition_4,0.0,0.0,0.0,False
miRNAMatchPosition_5,0.0,0.0,0.0,False
miRNAMatchPosition_6,0.0,0.0,0.0,False
miRNAMatchPosition_7,0.0,0.0,0.0,False
miRNAMatchPosition_17,0.0,0.0,0.0,False
Acc_P11_1th,0.0,0.0,0.0,False
Acc_P11_2th,0.0,0.0,0.0,False
Acc_P11_3th,0.0,0.0,0.0,False
Acc_P11_4th,0.0,0.0,0.0,False
Acc_P11_5th,0.0,0.0,0.0,False
Acc_P11_6th,0.0,0.0,0.0,False
Acc_P11_7th,0.0,0.0,0.0,False
Acc_P11_8th,0.0,0.0,0.0,False
HotPairingMRNA_he_P3_L3,0.0,0.0,0.0,False
Acc_P12_10th,0.0,0.0,0.0,False
Acc_P12_1th,0.0,0.0,0.0,False
Acc_P12_2th,0.0,0.0,0.0,False
Acc_P12_3th,0.0,0.0,0.0,False
Acc_P12_4th,0.0,0.0,0.0,False
Acc_P12_5th,0.0,0.0,0.0,False
Acc_P12_6th,0.0,0.0,0.0,False
Acc_P12_7th,0.0,0.0,0.0,False
Acc_P12_8th,0.0,0.0,0.0,False
Acc_P11_9th,0.0,0.0,0.0,False
HotPairingMirna_he_P9_L5,0.0,0.0,0.0,False
Energy_MEF_3p,0.0,0.0,0.0,False
Energy_MEF_Duplex,0.0,0.0,0.0,False
Energy_MEF_Seed,0.0,0.0,0.0,False
Energy_MEF_cons_local_target,0.0,0.0,0.0,False
Energy_MEF_cons_local_target_normalized,0.0,0.0,0.0,False
Energy_MEF_local_target,0.0,0.0,0.0,False
Energy_MEF_local_target_normalized,0.0,0.0,0.0,False
Acc_P11_10th,0.0,0.0,0.0,False
Acc_P10_1th,0.0,0.0,0.0,False
Acc_P10_2th,0.0,0.0,0.0,False
Acc_P10_3th,0.0,0.0,0.0,False
Acc_P10_4th,0.0,0.0,0.0,False
Acc_P10_5th,0.0,0.0,0.0,False
Acc_P10_6th,0.0,0.0,0.0,False
Acc_P10_7th,0.0,0.0,0.0,False
Acc_P10_8th,0.0,0.0,0.0,False
Acc_P10_9th,0.0,0.0,0.0,False
Acc_P10_10th,0.0,0.0,0.0,False
Acc_P14_9th,0.0,0.0,0.0,False
Acc_P15_10th,0.0,0.0,0.0,False
Acc_P15_1th,0.0,0.0,0.0,False
Acc_P15_2th,0.0,0.0,0.0,False
Acc_P15_3th,0.0,0.0,0.0,False
Acc_P15_4th,0.0,0.0,0.0,False
Acc_P15_5th,0.0,0.0,0.0,False
Acc_P15_6th,0.0,0.0,0.0,False
Acc_P12_9th,0.0,0.0,0.0,False
Acc_P15_8th,0.0,0.0,0.0,False
Acc_P15_9th,0.0,0.0,0.0,False
Acc_P16_10th,0.0,0.0,0.0,False
Acc_P16_1th,0.0,0.0,0.0,False
Acc_P16_2th,0.0,0.0,0.0,False
Acc_P16_3th,0.0,0.0,0.0,False
Acc_P16_4th,0.0,0.0,0.0,False
Acc_P16_5th,0.0,0.0,0.0,False
Acc_P16_6th,0.0,0.0,0.0,False
Acc_P15_7th,0.0,0.0,0.0,False
Acc_P13_10th,0.0,0.0,0.0,False
Acc_P13_1th,0.0,0.0,0.0,False
Acc_P13_2th,0.0,0.0,0.0,False
Acc_P13_3th,0.0,0.0,0.0,False
Acc_P13_4th,0.0,0.0,0.0,False
Acc_P13_5th,0.0,0.0,0.0,False
Acc_P13_6th,0.0,0.0,0.0,False
Acc_P13_7th,0.0,0.0,0.0,False
Acc_P14_8th,0.0,0.0,0.0,False
Acc_P13_9th,0.0,0.0,0.0,False
Acc_P14_10th,0.0,0.0,0.0,False
Acc_P14_1th,0.0,0.0,0.0,False
Acc_P14_2th,0.0,0.0,0.0,False
Acc_P14_3th,0.0,0.0,0.0,False
Acc_P14_4th,0.0,0.0,0.0,False
Acc_P14_5th,0.0,0.0,0.0,False
Acc_P14_6th,0.0,0.0,0.0,False
Acc_P14_7th,0.0,0.0,0.0,False
Acc_P13_8th,0.0,0.0,0.0,False
HotPairingMRNA_he_P7_L3,0.0,0.0,0.0,False
HotPairingMRNA_he_P7_L4,0.0,0.0,0.0,False
HotPairingMRNA_he_P7_L5,0.0,0.0,0.0,False
HotPairingMRNA_he_P8_L1,0.0,0.0,0.0,False
HotPairingMRNA_he_P8_L2,0.0,0.0,0.0,False
HotPairingMRNA_he_P8_L3,0.0,0.0,0.0,False
HotPairingMRNA_he_P8_L4,0.0,0.0,0.0,False
HotPairingMRNA_he_P8_L5,0.0,0.0,0.0,False
HotPairingMirna_he_P9_L4,0.0,0.0,0.0,False
HotPairingMRNA_he_P9_L2,0.0,0.0,0.0,False
HotPairingMRNA_he_P9_L3,0.0,0.0,0.0,False
HotPairingMRNA_he_P9_L4,0.0,0.0,0.0,False
HotPairingMRNA_he_P9_L5,0.0,0.0,0.0,False
HotPairingMirna_he_P1_L1,0.0,0.0,0.0,False
HotPairingMirna_he_P1_L2,0.0,0.0,0.0,False
HotPairingMirna_he_P1_L3,0.0,0.0,0.0,False
HotPairingMirna_he_P1_L4,0.0,0.0,0.0,False
HotPairingMirna_he_P1_L5,0.0,0.0,0.0,False
HotPairingMRNA_he_P9_L1,0.0,0.0,0.0,False
HotPairingMRNA_he_P3_L4,0.0,0.0,0.0,False
HotPairingMRNA_he_P3_L5,0.0,0.0,0.0,False
HotPairingMRNA_he_P4_L1,0.0,0.0,0.0,False
HotPairingMRNA_he_P4_L2,0.0,0.0,0.0,False
HotPairingMRNA_he_P4_L3,0.0,0.0,0.0,False
HotPairingMRNA_he_P4_L4,0.0,0.0,0.0,False
HotPairingMRNA_he_P4_L5,0.0,0.0,0.0,False
HotPairingMRNA_he_P5_L1,0.0,0.0,0.0,False
HotPairingMRNA_he_P7_L2,0.0,0.0,0.0,False
HotPairingMRNA_he_P5_L3,0.0,0.0,0.0,False
HotPairingMRNA_he_P5_L4,0.0,0.0,0.0,False
HotPairingMRNA_he_P5_L5,0.0,0.0,0.0,False
HotPairingMRNA_he_P6_L1,0.0,0.0,0.0,False
HotPairingMRNA_he_P6_L2,0.0,0.0,0.0,False
HotPairingMRNA_he_P6_L3,0.0,0.0,0.0,False
HotPairingMRNA_he_P6_L4,0.0,0.0,0.0,False
HotPairingMRNA_he_P6_L5,0.0,0.0,0.0,False
HotPairingMRNA_he_P7_L1,0.0,0.0,0.0,False
HotPairingMRNA_he_P5_L2,0.0,0.0,0.0,False
HotPairingMirna_he_P6_L1,0.0,0.0,0.0,False
HotPairingMirna_he_P6_L2,0.0,0.0,0.0,False
HotPairingMirna_he_P6_L3,0.0,0.0,0.0,False
HotPairingMirna_he_P6_L4,0.0,0.0,0.0,False
HotPairingMirna_he_P6_L5,0.0,0.0,0.0,False
HotPairingMirna_he_P7_L1,0.0,0.0,0.0,False
HotPairingMirna_he_P7_L2,0.0,0.0,0.0,False
HotPairingMirna_he_P7_L3,0.0,0.0,0.0,False
HotPairingMirna_he_P2_L1,0.0,0.0,0.0,False
HotPairingMirna_he_P7_L5,0.0,0.0,0.0,False
HotPairingMirna_he_P8_L1,0.0,0.0,0.0,False
HotPairingMirna_he_P8_L2,0.0,0.0,0.0,False
HotPairingMirna_he_P8_L3,0.0,0.0,0.0,False
HotPairingMirna_he_P8_L4,0.0,0.0,0.0,False
HotPairingMirna_he_P8_L5,0.0,0.0,0.0,False
HotPairingMirna_he_P9_L1,0.0,0.0,0.0,False
HotPairingMirna_he_P9_L2,0.0,0.0,0.0,False
HotPairingMirna_he_P9_L3,0.0,0.0,0.0,False
HotPairingMirna_he_P7_L4,0.0,0.0,0.0,False
HotPairingMirna_he_P2_L2,0.0,0.0,0.0,False
HotPairingMirna_he_P2_L3,0.0,0.0,0.0,False
HotPairingMirna_he_P2_L4,0.0,0.0,0.0,False
HotPairingMirna_he_P2_L5,0.0,0.0,0.0,False
HotPairingMirna_he_P3_L1,0.0,0.0,0.0,False
HotPairingMirna_he_P3_L2,0.0,0.0,0.0,False
HotPairingMirna_he_P3_L3,0.0,0.0,0.0,False
HotPairingMirna_he_P3_L4,0.0,0.0,0.0,False
HotPairingMirna_he_P5_L5,0.0,0.0,0.0,False
HotPairingMirna_he_P4_L1,0.0,0.0,0.0,False
HotPairingMirna_he_P4_L2,0.0,0.0,0.0,False
HotPairingMirna_he_P4_L3,0.0,0.0,0.0,False
HotPairingMirna_he_P4_L4,0.0,0.0,0.0,False
HotPairingMirna_he_P4_L5,0.0,0.0,0.0,False
HotPairingMirna_he_P5_L1,0.0,0.0,0.0,False
HotPairingMirna_he_P5_L2,0.0,0.0,0.0,False
HotPairingMirna_he_P5_L3,0.0,0.0,0.0,False
HotPairingMirna_he_P5_L4,0.0,0.0,0.0,False
HotPairingMirna_he_P3_L5,0.0,0.0,0.0,False
